<?xml version="1.0" encoding="Windows-1252" ?>
<!--//

Style name:  VS2012 Dark Theme for Notepad++
Author:      Sean D. Cline (Sean.D.Cline@gmail.com)
Description: A close replica of the Visual Studio 2012 "Dark" theme in Notepad++.
Languages:   C, C++, C#, Java, XML, but should work with many others.
Note:        I don't claim any ownership of this theme. It is merely a replica of another.

//-->
<NotepadPlus>
    <LexerStyles>
        <LexerType name="c" desc="C" ext="cw">
            <WordsStyle name="PREPROCESSOR" styleID="9" fgColor="9B9B9B" bgColor="1E1E1E" fontName="" fontStyle="0" fontSize="" />
            <WordsStyle name="DEFAULT" styleID="11" fgColor="C8C8C8" bgColor="1E1E1E" fontName="" fontStyle="0" fontSize="" />
            <WordsStyle name="INSTRUCTION WORD" styleID="5" fgColor="4E9CD6" bgColor="1E1E1E" fontName="" fontStyle="0" fontSize="" keywordClass="instre1" />
            <WordsStyle name="TYPE WORD" styleID="16" fgColor="4E9CD6" bgColor="1E1E1E" fontName="" fontStyle="0" fontSize="" keywordClass="type1" />
            <WordsStyle name="NUMBER" styleID="4" fgColor="B5CEA8" bgColor="1E1E1E" fontName="" fontStyle="0" fontSize="" />
            <WordsStyle name="STRING" styleID="6" fgColor="D69D85" bgColor="1E1E1E" fontName="" fontStyle="0" fontSize="" />
            <WordsStyle name="CHARACTER" styleID="7" fgColor="D69D85" bgColor="1E1E1E" fontName="" fontStyle="0" fontSize="" />
            <WordsStyle name="OPERATOR" styleID="10" fgColor="DCDCDC" bgColor="1E1E1E" fontName="" fontStyle="0" fontSize="" />
            <WordsStyle name="VERBATIM" styleID="13" fgColor="D69D85" bgColor="1E1E1E" fontName="" fontStyle="0" fontSize="" />
            <WordsStyle name="REGEX" styleID="14" fgColor="D69D85" bgColor="1E1E1E" fontName="" fontStyle="0" fontSize="" />
            <WordsStyle name="COMMENT" styleID="1" fgColor="608B4E" bgColor="1E1E1E" fontName="" fontStyle="0" fontSize="" />
            <WordsStyle name="COMMENT LINE" styleID="2" fgColor="608B4E" bgColor="1E1E1E" fontName="" fontStyle="0" fontSize="" />
            <WordsStyle name="COMMENT DOC" styleID="3" fgColor="608B4E" bgColor="1E1E1E" fontName="" fontStyle="0" fontSize="" />
            <WordsStyle name="COMMENT LINE DOC" styleID="15" fgColor="608B4E" bgColor="1E1E1E" fontName="" fontStyle="0" fontSize="" />
            <WordsStyle name="COMMENT DOC KEYWORD" styleID="17" fgColor="608B4E" bgColor="1E1E1E" fontName="" fontStyle="0" fontSize="" />
            <WordsStyle name="COMMENT DOC KEYWORD ERROR" styleID="18" fgColor="608B4E" bgColor="1E1E1E" fontName="" fontStyle="0" fontSize="" />
        </LexerType>
        <LexerType name="cpp" desc="C++" ext="">
            <WordsStyle name="PREPROCESSOR" styleID="9" fgColor="9B9B9B" bgColor="1E1E1E" fontName="" fontStyle="0" fontSize="" />
            <WordsStyle name="DEFAULT" styleID="11" fgColor="C8C8C8" bgColor="1E1E1E" fontName="" fontStyle="0" fontSize="" />
            <WordsStyle name="INSTRUCTION WORD" styleID="5" fgColor="4E9CD6" bgColor="1E1E1E" fontName="" fontStyle="0" fontSize="" keywordClass="instre1">alignas alignof noexcept nullptr static_assert thread_local final override</WordsStyle>
            <WordsStyle name="TYPE WORD" styleID="16" fgColor="4E9CD6" bgColor="1E1E1E" fontName="" fontStyle="0" fontSize="" keywordClass="type1" />
            <WordsStyle name="NUMBER" styleID="4" fgColor="B5CEA8" bgColor="1E1E1E" fontName="" fontStyle="0" fontSize="" />
            <WordsStyle name="STRING" styleID="6" fgColor="D69D85" bgColor="1E1E1E" fontName="" fontStyle="0" fontSize="" />
            <WordsStyle name="CHARACTER" styleID="7" fgColor="D69D85" bgColor="1E1E1E" fontName="" fontStyle="0" fontSize="" />
            <WordsStyle name="OPERATOR" styleID="10" fgColor="9B9B9B" bgColor="1E1E1E" fontName="" fontStyle="0" fontSize="" />
            <WordsStyle name="VERBATIM" styleID="13" fgColor="B5CEA8" bgColor="1E1E1E" fontName="" fontStyle="0" fontSize="" />
            <WordsStyle name="REGEX" styleID="14" fgColor="D69D85" bgColor="1E1E1E" fontName="" fontStyle="0" fontSize="" />
            <WordsStyle name="COMMENT" styleID="1" fgColor="608B4E" bgColor="1E1E1E" fontName="" fontStyle="0" fontSize="" />
            <WordsStyle name="COMMENT LINE" styleID="2" fgColor="608B4E" bgColor="1E1E1E" fontName="" fontStyle="0" fontSize="" />
            <WordsStyle name="COMMENT DOC" styleID="3" fgColor="608B4E" bgColor="1E1E1E" fontName="" fontStyle="0" fontSize="" />
            <WordsStyle name="COMMENT LINE DOC" styleID="15" fgColor="608B4E" bgColor="1E1E1E" fontName="" fontStyle="0" fontSize="" />
            <WordsStyle name="COMMENT DOC KEYWORD" styleID="17" fgColor="608B4E" bgColor="1E1E1E" fontName="" fontStyle="0" fontSize="" />
            <WordsStyle name="COMMENT DOC KEYWORD ERROR" styleID="18" fgColor="608B4E" bgColor="1E1E1E" fontName="" fontStyle="0" fontSize="" />
        </LexerType>
        <LexerType name="java" desc="Java" ext="">
            <WordsStyle name="PREPROCESSOR" styleID="9" fgColor="9B9B9B" bgColor="1E1E1E" fontName="" fontStyle="0" fontSize="" />
            <WordsStyle name="DEFAULT" styleID="11" fgColor="C8C8C8" bgColor="1E1E1E" fontName="" fontStyle="0" fontSize="" />
            <WordsStyle name="INSTRUCTION WORD" styleID="5" fgColor="4E9CD6" bgColor="1E1E1E" fontName="" fontStyle="0" fontSize="" keywordClass="instre1" />
            <WordsStyle name="TYPE WORD" styleID="16" fgColor="4E9CD6" bgColor="1E1E1E" fontName="" fontStyle="0" fontSize="" keywordClass="type1" />
            <WordsStyle name="NUMBER" styleID="4" fgColor="B5CEA8" bgColor="1E1E1E" fontName="" fontStyle="0" fontSize="" />
            <WordsStyle name="STRING" styleID="6" fgColor="D69D85" bgColor="1E1E1E" fontName="" fontStyle="0" fontSize="" />
            <WordsStyle name="CHARACTER" styleID="7" fgColor="D69D85" bgColor="1E1E1E" fontName="" fontStyle="0" fontSize="" />
            <WordsStyle name="OPERATOR" styleID="10" fgColor="9B9B9B" bgColor="1E1E1E" fontName="" fontStyle="0" fontSize="" />
            <WordsStyle name="VERBATIM" styleID="13" fgColor="B5CEA8" bgColor="1E1E1E" fontName="" fontStyle="0" fontSize="" />
            <WordsStyle name="REGEX" styleID="14" fgColor="D69D85" bgColor="1E1E1E" fontName="" fontStyle="0" fontSize="" />
            <WordsStyle name="COMMENT" styleID="1" fgColor="608B4E" bgColor="1E1E1E" fontName="" fontStyle="0" fontSize="" />
            <WordsStyle name="COMMENT LINE" styleID="2" fgColor="608B4E" bgColor="1E1E1E" fontName="" fontStyle="0" fontSize="" />
            <WordsStyle name="COMMENT DOC" styleID="3" fgColor="608B4E" bgColor="1E1E1E" fontName="" fontStyle="0" fontSize="" />
            <WordsStyle name="COMMENT LINE DOC" styleID="15" fgColor="608B4E" bgColor="1E1E1E" fontName="" fontStyle="0" fontSize="" />
            <WordsStyle name="COMMENT DOC KEYWORD" styleID="17" fgColor="608B4E" bgColor="1E1E1E" fontName="" fontStyle="0" fontSize="" />
            <WordsStyle name="COMMENT DOC KEYWORD ERROR" styleID="18" fgColor="608B4E" bgColor="1E1E1E" fontName="" fontStyle="0" fontSize="" />
        </LexerType>
        <LexerType name="cs" desc="C#" ext="vala">
            <WordsStyle name="PREPROCESSOR" styleID="9" fgColor="9B9B9B" bgColor="1E1E1E" fontName="" fontStyle="0" fontSize="" />
            <WordsStyle name="DEFAULT" styleID="11" fgColor="C8C8C8" bgColor="1E1E1E" fontName="" fontStyle="0" fontSize="" />
            <WordsStyle name="INSTRUCTION WORD" styleID="5" fgColor="4E9CD6" bgColor="1E1E1E" fontName="" fontStyle="0" fontSize="" keywordClass="instre1" />
            <WordsStyle name="TYPE WORD" styleID="16" fgColor="4E9CD6" bgColor="1E1E1E" fontName="" fontStyle="0" fontSize="" />
            <WordsStyle name="NUMBER" styleID="4" fgColor="B5CEA8" bgColor="1E1E1E" fontName="" fontStyle="0" fontSize="" />
            <WordsStyle name="STRING" styleID="6" fgColor="D69D85" bgColor="1E1E1E" fontName="" fontStyle="0" fontSize="">if else for while</WordsStyle>
            <WordsStyle name="CHARACTER" styleID="7" fgColor="D69D85" bgColor="1E1E1E" fontName="" fontStyle="0" fontSize="">bool long int char</WordsStyle>
            <WordsStyle name="OPERATOR" styleID="10" fgColor="9B9B9B" bgColor="1E1E1E" fontName="" fontStyle="0" fontSize="" />
            <WordsStyle name="VERBATIM" styleID="13" fgColor="B5CEA8" bgColor="1E1E1E" fontName="" fontStyle="0" fontSize="" />
            <WordsStyle name="REGEX" styleID="14" fgColor="D69D85" bgColor="1E1E1E" fontName="" fontStyle="0" fontSize="" />
            <WordsStyle name="COMMENT" styleID="1" fgColor="608B4E" bgColor="1E1E1E" fontName="" fontStyle="0" fontSize="" />
            <WordsStyle name="COMMENT LINE" styleID="2" fgColor="608B4E" bgColor="1E1E1E" fontName="" fontStyle="0" fontSize="" />
            <WordsStyle name="COMMENT DOC" styleID="3" fgColor="608B4E" bgColor="1E1E1E" fontName="" fontStyle="0" fontSize="" />
            <WordsStyle name="COMMENT LINE DOC" styleID="15" fgColor="608B4E" bgColor="1E1E1E" fontName="" fontStyle="0" fontSize="" />
            <WordsStyle name="COMMENT DOC KEYWORD" styleID="17" fgColor="608B4E" bgColor="1E1E1E" fontName="" fontStyle="0" fontSize="" />
            <WordsStyle name="COMMENT DOC KEYWORD ERROR" styleID="18" fgColor="608B4E" bgColor="1E1E1E" fontName="" fontStyle="0" fontSize="" />
        </LexerType>
        <LexerType name="rc" desc="RC" ext="">
            <WordsStyle name="PREPROCESSOR" styleID="9" fgColor="9B9B9B" bgColor="1E1E1E" fontName="" fontStyle="0" fontSize="" />
            <WordsStyle name="DEFAULT" styleID="11" fgColor="C8C8C8" bgColor="1E1E1E" fontName="" fontStyle="0" fontSize="" />
            <WordsStyle name="INSTRUCTION WORD" styleID="5" fgColor="4E9CD6" bgColor="1E1E1E" fontName="" fontStyle="0" fontSize="" keywordClass="instre1" />
            <WordsStyle name="TYPE WORD" styleID="16" fgColor="4E9CD6" bgColor="1E1E1E" fontName="" fontStyle="0" fontSize="" />
            <WordsStyle name="NUMBER" styleID="4" fgColor="B5CEA8" bgColor="1E1E1E" fontName="" fontStyle="0" fontSize="" />
            <WordsStyle name="STRING" styleID="6" fgColor="D69D85" bgColor="1E1E1E" fontName="" fontStyle="0" fontSize="" />
            <WordsStyle name="CHARACTER" styleID="7" fgColor="D69D85" bgColor="1E1E1E" fontName="" fontStyle="0" fontSize="" />
            <WordsStyle name="OPERATOR" styleID="10" fgColor="9B9B9B" bgColor="1E1E1E" fontName="" fontStyle="0" fontSize="" />
            <WordsStyle name="VERBATIM" styleID="13" fgColor="B5CEA8" bgColor="1E1E1E" fontName="" fontStyle="0" fontSize="" />
            <WordsStyle name="REGEX" styleID="14" fgColor="D69D85" bgColor="1E1E1E" fontName="" fontStyle="0" fontSize="" />
            <WordsStyle name="COMMENT" styleID="1" fgColor="608B4E" bgColor="1E1E1E" fontName="" fontStyle="0" fontSize="" />
            <WordsStyle name="COMMENT LINE" styleID="2" fgColor="608B4E" bgColor="1E1E1E" fontName="" fontStyle="0" fontSize="" />
            <WordsStyle name="COMMENT DOC" styleID="3" fgColor="608B4E" bgColor="1E1E1E" fontName="" fontStyle="0" fontSize="" />
            <WordsStyle name="COMMENT LINE DOC" styleID="15" fgColor="608B4E" bgColor="1E1E1E" fontName="" fontStyle="0" fontSize="" />
            <WordsStyle name="COMMENT DOC KEYWORD" styleID="17" fgColor="608B4E" bgColor="1E1E1E" fontName="" fontStyle="0" fontSize="" />
            <WordsStyle name="COMMENT DOC KEYWORD ERROR" styleID="18" fgColor="608B4E" bgColor="1E1E1E" fontName="" fontStyle="0" fontSize="" />
        </LexerType>
        <LexerType name="tcl" desc="TCL" ext="">
            <WordsStyle name="PREPROCESSOR" styleID="9" fgColor="9B9B9B" bgColor="1E1E1E" fontName="" fontStyle="0" fontSize="" />
            <WordsStyle name="DEFAULT" styleID="11" fgColor="C8C8C8" bgColor="1E1E1E" fontName="" fontStyle="0" fontSize="" />
            <WordsStyle name="INSTRUCTION WORD" styleID="5" fgColor="4E9CD6" bgColor="1E1E1E" fontName="" fontStyle="0" fontSize="" keywordClass="instre1" />
            <WordsStyle name="TYPE WORD" styleID="16" fgColor="4E9CD6" bgColor="1E1E1E" fontName="" fontStyle="0" fontSize="" keywordClass="type1">toto titi</WordsStyle>
            <WordsStyle name="NUMBER" styleID="4" fgColor="B5CEA8" bgColor="1E1E1E" fontName="" fontStyle="0" fontSize="" />
            <WordsStyle name="STRING" styleID="6" fgColor="D69D85" bgColor="1E1E1E" fontName="" fontStyle="0" fontSize="" />
            <WordsStyle name="CHARACTER" styleID="7" fgColor="D69D85" bgColor="1E1E1E" fontName="" fontStyle="0" fontSize="" />
            <WordsStyle name="OPERATOR" styleID="10" fgColor="9B9B9B" bgColor="1E1E1E" fontName="" fontStyle="0" fontSize="" />
            <WordsStyle name="VERBATIM" styleID="13" fgColor="B5CEA8" bgColor="1E1E1E" fontName="" fontStyle="0" fontSize="" />
            <WordsStyle name="REGEX" styleID="14" fgColor="D69D85" bgColor="1E1E1E" fontName="" fontStyle="0" fontSize="" />
            <WordsStyle name="COMMENT" styleID="1" fgColor="608B4E" bgColor="1E1E1E" fontName="" fontStyle="0" fontSize="" />
            <WordsStyle name="COMMENT LINE" styleID="2" fgColor="608B4E" bgColor="1E1E1E" fontName="" fontStyle="0" fontSize="" />
            <WordsStyle name="COMMENT DOC" styleID="3" fgColor="608B4E" bgColor="1E1E1E" fontName="" fontStyle="0" fontSize="" />
            <WordsStyle name="COMMENT LINE DOC" styleID="15" fgColor="608B4E" bgColor="1E1E1E" fontName="" fontStyle="0" fontSize="" />
            <WordsStyle name="COMMENT DOC KEYWORD" styleID="17" fgColor="608B4E" bgColor="1E1E1E" fontName="" fontStyle="0" fontSize="" />
            <WordsStyle name="COMMENT DOC KEYWORD ERROR" styleID="18" fgColor="608B4E" bgColor="1E1E1E" fontName="" fontStyle="0" fontSize="" />
        </LexerType>
        <LexerType name="objc" desc="Objective-C" ext="">
            <WordsStyle name="DIRECTIVE" styleID="19" fgColor="9B9B9B" bgColor="1E1E1E" fontName="" fontStyle="0" fontSize="" keywordClass="instre2" />
            <WordsStyle name="DEFAULT" styleID="11" fgColor="C8C8C8" bgColor="1E1E1E" fontName="" fontStyle="0" fontSize="" />
            <WordsStyle name="QUALIFIER" styleID="20" fgColor="C8C8C8" bgColor="1E1E1E" fontName="" fontStyle="0" fontSize="" keywordClass="type2" />
            <WordsStyle name="PREPROCESSOR" styleID="9" fgColor="9B9B9B" bgColor="1E1E1E" fontName="" fontStyle="0" fontSize="" />
            <WordsStyle name="INSTRUCTION WORD" styleID="5" fgColor="4E9CD6" bgColor="1E1E1E" fontName="" fontStyle="0" fontSize="" keywordClass="instre1" />
            <WordsStyle name="TYPE WORD" styleID="16" fgColor="4E9CD6" bgColor="1E1E1E" fontName="" fontStyle="0" fontSize="" keywordClass="type1" />
            <WordsStyle name="NUMBER" styleID="4" fgColor="B5CEA8" bgColor="1E1E1E" fontName="" fontStyle="0" fontSize="" />
            <WordsStyle name="STRING" styleID="6" fgColor="D69D85" bgColor="1E1E1E" fontName="" fontStyle="0" fontSize="" />
            <WordsStyle name="CHARACTER" styleID="7" fgColor="D69D85" bgColor="1E1E1E" fontName="" fontStyle="0" fontSize="" />
            <WordsStyle name="OPERATOR" styleID="10" fgColor="9B9B9B" bgColor="1E1E1E" fontName="" fontStyle="0" fontSize="" />
            <WordsStyle name="VERBATIM" styleID="13" fgColor="D69D85" bgColor="1E1E1E" fontName="" fontStyle="0" fontSize="" />
            <WordsStyle name="REGEX" styleID="14" fgColor="D69D85" bgColor="1E1E1E" fontName="" fontStyle="0" fontSize="" />
            <WordsStyle name="COMMENT" styleID="1" fgColor="608B4E" bgColor="1E1E1E" fontName="" fontStyle="0" fontSize="" />
            <WordsStyle name="COMMENT LINE" styleID="2" fgColor="608B4E" bgColor="1E1E1E" fontName="" fontStyle="0" fontSize="" />
            <WordsStyle name="COMMENT DOC" styleID="3" fgColor="608B4E" bgColor="1E1E1E" fontName="" fontStyle="0" fontSize="" />
            <WordsStyle name="COMMENT LINE DOC" styleID="15" fgColor="608B4E" bgColor="1E1E1E" fontName="" fontStyle="0" fontSize="" />
            <WordsStyle name="COMMENT DOC KEYWORD" styleID="17" fgColor="608B4E" bgColor="1E1E1E" fontName="" fontStyle="0" fontSize="" />
            <WordsStyle name="COMMENT DOC KEYWORD ERROR" styleID="18" fgColor="608B4E" bgColor="1E1E1E" fontName="" fontStyle="0" fontSize="" />
        </LexerType>
        <LexerType name="sql" desc="SQL" ext="">
            <WordsStyle name="KEYWORD" styleID="5" fgColor="4E9CD6" bgColor="1E1E1E" fontName="" fontStyle="0" fontSize="" keywordClass="instre1" />
            <WordsStyle name="NUMBER" styleID="4" fgColor="B5CEA8" bgColor="1E1E1E" fontName="" fontStyle="0" fontSize="" />
            <WordsStyle name="STRING" styleID="6" fgColor="D69D85" bgColor="1E1E1E" fontName="" fontStyle="0" fontSize="">ooooo</WordsStyle>
            <WordsStyle name="STRING2" styleID="7" fgColor="D69D85" bgColor="1E1E1E" fontName="" fontStyle="0" fontSize="" />
            <WordsStyle name="OPERATOR" styleID="10" fgColor="9B9B9B" bgColor="1E1E1E" fontName="" fontStyle="0" fontSize="" />
            <WordsStyle name="COMMENT" styleID="1" fgColor="FFFF00" bgColor="1E1E1E" fontName="" fontStyle="0" fontSize="" />
            <WordsStyle name="COMMENT LINE" styleID="2" fgColor="FFFF00" bgColor="1E1E1E" fontName="" fontStyle="0" fontSize="" />
        </LexerType>
        <LexerType name="html" desc="HTML" ext="">
            <WordsStyle name="DEFAULT" styleID="0" fgColor="C8C8C8" bgColor="1E1E1E" fontName="" fontStyle="0" fontSize="" />
            <WordsStyle name="COMMENT" styleID="9" fgColor="80FF00" bgColor="1E1E1E" fontName="" fontStyle="0" fontSize="" />
            <WordsStyle name="NUMBER" styleID="5" fgColor="B5CEA8" bgColor="1E1E1E" fontName="" fontStyle="0" fontSize="" />
            <WordsStyle name="DOUBLESTRING" styleID="6" fgColor="D69D85" bgColor="1E1E1E" fontName="" fontStyle="0" fontSize="" />
            <WordsStyle name="SINGLESTRING" styleID="7" fgColor="D69D85" bgColor="1E1E1E" fontName="" fontStyle="0" fontSize="" />
            <WordsStyle name="TAG" styleID="1" fgColor="569CD6" bgColor="1E1E1E" fontName="" fontStyle="0" fontSize="" />
            <WordsStyle name="TAGEND" styleID="11" fgColor="808080" bgColor="1E1E1E" fontName="" fontStyle="0" fontSize="" />
            <WordsStyle name="TAGUNKNOWN" styleID="2" fgColor="808080" bgColor="1E1E1E" fontName="" fontStyle="0" fontSize="" />
            <WordsStyle name="ATTRIBUTE" styleID="3" fgColor="92CAF4" bgColor="1E1E1E" fontName="" fontStyle="0" fontSize="" />
            <WordsStyle name="ATTRIBUTEUNKNOWN" styleID="4" fgColor="92CAF4" bgColor="1E1E1E" fontName="" fontStyle="0" fontSize="" />
            <WordsStyle name="SGMLDEFAULT" styleID="21" fgColor="D69D85" bgColor="1E1E1E" fontName="" fontStyle="0" fontSize="" />
            <WordsStyle name="CDATA" styleID="17" fgColor="D69D85" bgColor="1E1E1E" fontName="" fontStyle="0" fontSize="" />
            <WordsStyle name="VALUE" styleID="19" fgColor="C8C8C8" bgColor="1E1E1E" fontName="" fontStyle="0" fontSize="" />
            <WordsStyle name="ENTITY" styleID="10" fgColor="C8C8C8" bgColor="1E1E1E" fontName="" fontStyle="0" fontSize="" />
        </LexerType>
        <LexerType name="php" desc="php" ext="">
            <WordsStyle name="QUESTION MARK" styleID="18" fgColor="FFFF00" bgColor="1E1E1E" fontName="" fontStyle="0" fontSize="" />
            <WordsStyle name="DEFAULT" styleID="118" fgColor="C8C8C8" bgColor="1E1E1E" fontName="" fontStyle="0" fontSize="" />
            <WordsStyle name="STRING" styleID="119" fgColor="D69D85" bgColor="1E1E1E" fontName="" fontStyle="0" fontSize="">the_ID the_post have_posts wp_link_pages the_content</WordsStyle>
            <WordsStyle name="STRING VARIABLE" styleID="126" fgColor="D69D85" bgColor="1E1E1E" fontName="" fontStyle="0" fontSize="" />
            <WordsStyle name="SIMPLESTRING" styleID="120" fgColor="D69D85" bgColor="1E1E1E" fontName="" fontStyle="0" fontSize="" />
            <WordsStyle name="WORD" styleID="121" fgColor="4E9CD6" bgColor="1E1E1E" fontName="" fontStyle="0" fontSize="" keywordClass="instre1" />
            <WordsStyle name="NUMBER" styleID="122" fgColor="B5CEA8" bgColor="1E1E1E" fontName="" fontStyle="0" fontSize="">$_POST $_GET $_SESSION</WordsStyle>
            <WordsStyle name="VARIABLE" styleID="123" fgColor="C8C8C8" bgColor="1E1E1E" fontName="" fontStyle="0" fontSize="" />
            <WordsStyle name="COMMENT" styleID="124" fgColor="00FF40" bgColor="1E1E1E" fontName="" fontStyle="0" fontSize="" />
            <WordsStyle name="COMMENTLINE" styleID="125" fgColor="00FF40" bgColor="000000" fontName="" fontStyle="0" fontSize="" colorStyle="1" />
            <WordsStyle name="OPERATOR" styleID="127" fgColor="9B9B9B" bgColor="1E1E1E" fontName="" fontStyle="0" fontSize="" />
        </LexerType>
        <LexerType name="javascript" desc="Javascript" ext="">
            <WordsStyle name="DEFAULT" styleID="41" fgColor="C8C8C8" bgColor="1E1E1E" fontName="" fontStyle="0" fontSize="" />
            <WordsStyle name="NUMBER" styleID="45" fgColor="B5CEA8" bgColor="1E1E1E" fontName="" fontStyle="0" fontSize="" />
            <WordsStyle name="WORD" styleID="46" fgColor="C8C8C8" bgColor="1E1E1E" fontName="" fontStyle="0" fontSize="">ooooo</WordsStyle>
            <WordsStyle name="KEYWORD" styleID="47" fgColor="4C99D3" bgColor="1E1E1E" fontName="" fontStyle="0" fontSize="" keywordClass="instre1">null undefined let eval yield arguments get set</WordsStyle>
            <WordsStyle name="DOUBLESTRING" styleID="48" fgColor="D69D85" bgColor="1E1E1E" fontName="" fontStyle="0" fontSize="">if else for while</WordsStyle>
            <WordsStyle name="SINGLESTRING" styleID="49" fgColor="D69D85" bgColor="1E1E1E" fontName="" fontStyle="0" fontSize="">bool long int char</WordsStyle>
            <WordsStyle name="SYMBOLS" styleID="50" fgColor="C8C8C8" bgColor="1E1E1E" fontName="" fontStyle="0" fontSize="">bool long int char</WordsStyle>
            <WordsStyle name="STRINGEOL" styleID="51" fgColor="D69D85" bgColor="1E1E1E" fontName="" fontStyle="0" fontSize="" />
            <WordsStyle name="REGEX" styleID="52" fgColor="D69D85" bgColor="1E1E1E" fontName="" fontStyle="0" fontSize="" />
            <WordsStyle name="COMMENT" styleID="42" fgColor="00FFFF" bgColor="1E1E1E" fontName="" fontStyle="0" fontSize="" />
            <WordsStyle name="COMMENTLINE" styleID="43" fgColor="00FFFF" bgColor="1E1E1E" fontName="" fontStyle="0" fontSize="" />
            <WordsStyle name="COMMENTDOC" styleID="44" fgColor="00FFFF" bgColor="1E1E1E" fontName="" fontStyle="0" fontSize="" />
        </LexerType>
        <LexerType name="asp" desc="asp" ext="">
            <WordsStyle name="DEFAULT" styleID="81" fgColor="C8C8C8" bgColor="1E1E1E" fontName="" fontStyle="0" fontSize="" />
            <WordsStyle name="COMMENTLINE" styleID="82" fgColor="608B4E" bgColor="1E1E1E" fontName="" fontStyle="0" fontSize="" />
            <WordsStyle name="NUMBER" styleID="83" fgColor="B5CEA8" bgColor="1E1E1E" fontName="" fontStyle="0" fontSize="" />
            <WordsStyle name="WORD" styleID="84" fgColor="9B9B9B" bgColor="1E1E1E" fontName="" fontStyle="0" fontSize="" keywordClass="instre1">import</WordsStyle>
            <WordsStyle name="STRING" styleID="85" fgColor="D69D85" bgColor="1E1E1E" fontName="" fontStyle="0" fontSize="">import</WordsStyle>
            <WordsStyle name="STRINGEOL" styleID="87" fgColor="D69D85" bgColor="1E1E1E" fontName="" fontStyle="0" fontSize="" />
            <WordsStyle name="IDENTIFIER" styleID="86" fgColor="8DA6CE" bgColor="1E1E1E" fontName="" fontStyle="0" fontSize="" />
            <WordsStyle name="ASPSYBOL" styleID="15" fgColor="C8C8C8" bgColor="1E1E1E" fontName="" fontStyle="0" fontSize="" />
            <WordsStyle name="SCRIPTTYPE" styleID="16" fgColor="C8C8C8" bgColor="1E1E1E" fontName="" fontStyle="0" fontSize="" />
        </LexerType>
        <LexerType name="xml" desc="XML" ext="xaml svg xul vcxproj csproj vbproj fsproj lsxtproj shproj xproj ccproj jsproj sqlproj dbproj msbuildproj props">
            <WordsStyle name="XMLSTART" styleID="12" fgColor="808080" bgColor="1E1E1E" fontName="" fontStyle="0" fontSize="" />
            <WordsStyle name="XMLEND" styleID="13" fgColor="808080" bgColor="1E1E1E" fontName="" fontStyle="0" fontSize="" />
            <WordsStyle name="DEFAULT" styleID="0" fgColor="DCDCDC" bgColor="1E1E1E" fontName="" fontStyle="0" fontSize="" />
            <WordsStyle name="COMMENT" styleID="9" fgColor="608B4E" bgColor="1E1E1E" fontName="" fontStyle="0" fontSize="" />
            <WordsStyle name="NUMBER" styleID="5" fgColor="DCDCDC" bgColor="1E1E1E" fontName="" fontStyle="0" fontSize="" />
            <WordsStyle name="DOUBLESTRING" styleID="6" fgColor="DCDCDC" bgColor="1E1E1E" fontName="" fontStyle="0" fontSize="" />
            <WordsStyle name="SINGLESTRING" styleID="7" fgColor="DCDCDC" bgColor="1E1E1E" fontName="" fontStyle="0" fontSize="" />
            <WordsStyle name="TAG" styleID="1" fgColor="569CD6" bgColor="1E1E1E" fontName="" fontStyle="0" fontSize="" />
            <WordsStyle name="TAGEND" styleID="11" fgColor="808080" bgColor="1E1E1E" fontName="" fontStyle="0" fontSize="" />
            <WordsStyle name="TAGUNKNOWN" styleID="2" fgColor="808080" bgColor="1E1E1E" fontName="" fontStyle="0" fontSize="" />
            <WordsStyle name="ATTRIBUTE" styleID="3" fgColor="92CAF4" bgColor="1E1E1E" fontName="" fontStyle="0" fontSize="" />
            <WordsStyle name="ATTRIBUTEUNKNOWN" styleID="4" fgColor="92CAF4" bgColor="1E1E1E" fontName="" fontStyle="0" fontSize="" />
            <WordsStyle name="SGMLDEFAULT" styleID="21" fgColor="808080" bgColor="1E1E1E" fontName="" fontStyle="0" fontSize="" />
            <WordsStyle name="CDATA" styleID="17" fgColor="D69D85" bgColor="1E1E1E" fontName="" fontStyle="0" fontSize="" />
        </LexerType>
        <LexerType name="ini" desc="ini file" ext="">
            <WordsStyle name="DEFAULT" styleID="0" fgColor="C8C8C8" bgColor="1E1E1E" fontName="" fontStyle="0" fontSize="" />
            <WordsStyle name="COMMENT" styleID="1" fgColor="608B4E" bgColor="1E1E1E" fontName="" fontStyle="0" fontSize="" />
            <WordsStyle name="SECTION" styleID="2" fgColor="569CD6" bgColor="1E1E1E" fontName="" fontStyle="0" fontSize="">the_ID the_post have_posts wp_link_pages the_content</WordsStyle>
            <WordsStyle name="ASSIGNMENT" styleID="3" fgColor="9B9B9B" bgColor="1E1E1E" fontName="" fontStyle="0" fontSize="" />
            <WordsStyle name="DEFVAL" styleID="4" fgColor="569CD6" bgColor="1E1E1E" fontName="" fontStyle="0" fontSize="" />
        </LexerType>
        <LexerType name="props" desc="Properties file" ext="">
            <WordsStyle name="DEFAULT" styleID="0" fgColor="C8C8C8" bgColor="1E1E1E" fontName="" fontStyle="0" fontSize="" />
            <WordsStyle name="COMMENT" styleID="1" fgColor="608B4E" bgColor="1E1E1E" fontName="" fontStyle="0" fontSize="" />
            <WordsStyle name="ASSIGNMENT" styleID="3" fgColor="9B9B9B" bgColor="1E1E1E" fontName="" fontStyle="0" fontSize="" />
            <WordsStyle name="DEFVAL" styleID="4" fgColor="569CD6" bgColor="1E1E1E" fontName="" fontStyle="0" fontSize="" />
        </LexerType>
        <LexerType name="diff" desc="DIFF" ext="">
            <WordsStyle name="DEFAULT" styleID="0" fgColor="C8C8C8" bgColor="1E1E1E" fontName="" fontStyle="0" fontSize="" />
            <WordsStyle name="COMMENT" styleID="1" fgColor="608B4E" bgColor="1E1E1E" fontName="" fontStyle="0" fontSize="" />
            <WordsStyle name="COMMAND" styleID="2" fgColor="8DA6CE" bgColor="1E1E1E" fontName="" fontStyle="0" fontSize="" />
            <WordsStyle name="HEADER" styleID="3" fgColor="C8C8C8" bgColor="1E1E1E" fontName="" fontStyle="0" fontSize="" />
            <WordsStyle name="POSITION" styleID="4" fgColor="C8C8C8" bgColor="1E1E1E" fontName="" fontStyle="0" fontSize="" />
            <WordsStyle name="DELETED" styleID="5" fgColor="C8C8C8" bgColor="1E1E1E" fontName="" fontStyle="0" fontSize="" />
            <WordsStyle name="ADDED" styleID="6" fgColor="C8C8C8" bgColor="1E1E1E" fontName="" fontStyle="0" fontSize="" />
        </LexerType>
        <LexerType name="nfo" desc="Dos Style" ext="">
            <WordsStyle name="DEFAULT" styleID="32" fgColor="C8C8C8" bgColor="1E1E1E" fontSize="" fontStyle="0" />
        </LexerType>
        <LexerType name="makefile" desc="Makefile" ext="">
            <WordsStyle name="DEFAULT" styleID="0" fgColor="C8C8C8" bgColor="1E1E1E" fontName="" fontStyle="0" fontSize="" />
            <WordsStyle name="COMMENT" styleID="1" fgColor="608B4E" bgColor="1E1E1E" fontName="" fontStyle="0" fontSize="" />
            <WordsStyle name="PREPROCESSOR" styleID="2" fgColor="9B9B9B" bgColor="1E1E1E" fontName="" fontStyle="0" fontSize="" />
            <WordsStyle name="IDENTIFIER" styleID="3" fgColor="8DA6CE" bgColor="1E1E1E" fontName="" fontStyle="0" fontSize="" />
            <WordsStyle name="OPERATOR" styleID="4" fgColor="9B9B9B" bgColor="1E1E1E" fontName="" fontStyle="0" fontSize="" />
            <WordsStyle name="TARGET" styleID="5" fgColor="C8C8C8" bgColor="1E1E1E" fontName="" fontStyle="0" fontSize="" />
            <WordsStyle name="IDEOL" styleID="9" fgColor="C8C8C8" bgColor="1E1E1E" fontName="" fontStyle="0" fontSize="" />
        </LexerType>
        <LexerType name="vb" desc="VB / VBS" ext="">
            <WordsStyle name="DEFAULT" styleID="7" fgColor="C8C8C8" bgColor="1E1E1E" fontName="" fontStyle="0" fontSize="" />
            <WordsStyle name="COMMENT" styleID="1" fgColor="608B4E" bgColor="1E1E1E" fontName="" fontStyle="0" fontSize="" />
            <WordsStyle name="NUMBER" styleID="2" fgColor="B5CEA8" bgColor="1E1E1E" fontName="" fontStyle="0" fontSize="" />
            <WordsStyle name="WORD" styleID="3" fgColor="4E9CD6" bgColor="1E1E1E" fontName="" fontStyle="0" fontSize="" keywordClass="instre1" />
            <WordsStyle name="STRING" styleID="4" fgColor="D69D85" bgColor="1E1E1E" fontName="" fontStyle="0" fontSize="" />
            <WordsStyle name="PREPROCESSOR" styleID="5" fgColor="9B9B9B" bgColor="1E1E1E" fontName="" fontStyle="0" fontSize="" />
            <WordsStyle name="OPERATOR" styleID="6" fgColor="9B9B9B" bgColor="1E1E1E" fontName="" fontStyle="0" fontSize="" />
            <WordsStyle name="DATE" styleID="8" fgColor="8DA6CE" bgColor="1E1E1E" fontName="" fontStyle="0" fontSize="" />
        </LexerType>
        <LexerType name="css" desc="CSS" ext="">
            <WordsStyle name="DEFAULT" styleID="0" fgColor="C8C8C8" bgColor="1E1E1E" fontName="" fontStyle="0" fontSize="" />
            <WordsStyle name="TAG" styleID="1" fgColor="569CD6" bgColor="1E1E1E" fontName="" fontStyle="0" fontSize="" />
            <WordsStyle name="CLASS" styleID="2" fgColor="569CD6" bgColor="1E1E1E" fontName="" fontStyle="0" fontSize="" />
            <WordsStyle name="PSEUDOCLASS" styleID="3" fgColor="569CD6" bgColor="1E1E1E" fontName="" fontStyle="0" fontSize="" />
            <WordsStyle name="UNKNOWN_PSEUDOCLASS" styleID="4" fgColor="569CD6" bgColor="1E1E1E" fontName="" fontStyle="0" fontSize="" />
            <WordsStyle name="OPERATOR" styleID="5" fgColor="9B9B9B" bgColor="1E1E1E" fontName="" fontStyle="0" fontSize="" />
            <WordsStyle name="IDENTIFIER" styleID="6" fgColor="8DA6CE" bgColor="1E1E1E" fontName="" fontStyle="0" fontSize="" keywordClass="instre1" />
            <WordsStyle name="UNKNOWN_IDENTIFIER" styleID="7" fgColor="8DA6CE" bgColor="1E1E1E" fontName="" fontStyle="0" fontSize="" />
            <WordsStyle name="VALUE" styleID="8" fgColor="B5CEA8" bgColor="1E1E1E" fontName="" fontStyle="0" fontSize="" />
            <WordsStyle name="COMMENT" styleID="9" fgColor="FFFF00" bgColor="1E1E1E" fontName="" fontStyle="0" fontSize="" />
            <WordsStyle name="ID" styleID="10" fgColor="569CD6" bgColor="1E1E1E" fontName="" fontStyle="0" fontSize="" />
            <WordsStyle name="IMPORTANT" styleID="11" fgColor="9B9B9B" bgColor="1E1E1E" fontName="" fontStyle="0" fontSize="" />
            <WordsStyle name="DIRECTIVE" styleID="12" fgColor="9B9B9B" bgColor="1E1E1E" fontName="" fontStyle="0" fontSize="" />
        </LexerType>
        <LexerType name="pascal" desc="Pascal" ext="">
            <WordsStyle name="DEFAULT" styleID="0" fgColor="C8C8C8" bgColor="1E1E1E" fontName="" fontStyle="0" fontSize="" />
            <WordsStyle name="PREPROCESSOR" styleID="9" fgColor="9B9B9B" bgColor="1E1E1E" fontName="" fontStyle="0" fontSize="" />
            <WordsStyle name="IDENTIFIER" styleID="11" fgColor="8DA6CE" bgColor="1E1E1E" fontName="" fontStyle="0" fontSize="" />
            <WordsStyle name="INSTRUCTION WORD" styleID="5" fgColor="4E9CD6" bgColor="1E1E1E" fontName="" fontStyle="0" fontSize="" keywordClass="instre1" />
            <WordsStyle name="NUMBER" styleID="4" fgColor="B5CEA8" bgColor="1E1E1E" fontName="" fontStyle="0" fontSize="" />
            <WordsStyle name="CHARACTER" styleID="7" fgColor="D69D85" bgColor="1E1E1E" fontName="" fontStyle="0" fontSize="" />
            <WordsStyle name="OPERATOR" styleID="10" fgColor="9B9B9B" bgColor="1E1E1E" fontName="" fontStyle="0" fontSize="" />
            <WordsStyle name="REGEX" styleID="14" fgColor="D69D85" bgColor="1E1E1E" fontName="" fontStyle="0" fontSize="" />
            <WordsStyle name="COMMENT" styleID="1" fgColor="608B4E" bgColor="1E1E1E" fontName="" fontStyle="0" fontSize="" />
            <WordsStyle name="COMMENT LINE" styleID="2" fgColor="608B4E" bgColor="1E1E1E" fontName="" fontStyle="0" fontSize="" />
            <WordsStyle name="COMMENT DOC" styleID="3" fgColor="608B4E" bgColor="1E1E1E" fontName="" fontStyle="0" fontSize="" />
        </LexerType>
        <LexerType name="perl" desc="Perl" ext="">
            <WordsStyle name="PREPROCESSOR" styleID="9" fgColor="9B9B9B" bgColor="1E1E1E" fontName="" fontStyle="0" fontSize="" />
            <WordsStyle name="DEFAULT" styleID="0" fgColor="C8C8C8" bgColor="1E1E1E" fontName="" fontStyle="0" fontSize="" />
            <WordsStyle name="INSTRUCTION WORD" styleID="5" fgColor="4E9CD6" bgColor="1E1E1E" fontName="" fontStyle="0" fontSize="" keywordClass="instre1" />
            <WordsStyle name="NUMBER" styleID="4" fgColor="B5CEA8" bgColor="1E1E1E" fontName="" fontStyle="0" fontSize="" />
            <WordsStyle name="STRING" styleID="6" fgColor="D69D85" bgColor="1E1E1E" fontName="" fontStyle="0" fontSize="" />
            <WordsStyle name="CHARACTER" styleID="7" fgColor="D69D85" bgColor="1E1E1E" fontName="" fontStyle="0" fontSize="" />
            <WordsStyle name="OPERATOR" styleID="10" fgColor="9B9B9B" bgColor="1E1E1E" fontName="" fontStyle="0" fontSize="" />
            <WordsStyle name="REGEX" styleID="17" fgColor="D69D85" bgColor="1E1E1E" fontName="" fontStyle="0" fontSize="" />
            <WordsStyle name="COMMENT LINE" styleID="2" fgColor="608B4E" bgColor="1E1E1E" fontName="" fontStyle="0" fontSize="" />
            <WordsStyle name="SCALAR" styleID="12" fgColor="C8C8C8" bgColor="1E1E1E" fontName="" fontStyle="0" fontSize="" />
            <WordsStyle name="ARRAY" styleID="13" fgColor="C8C8C8" bgColor="1E1E1E" fontName="" fontStyle="0" fontSize="" />
            <WordsStyle name="HASH" styleID="14" fgColor="C8C8C8" bgColor="1E1E1E" fontName="" fontStyle="0" fontSize="" />
            <WordsStyle name="SYMBOL TABLE" styleID="15" fgColor="C8C8C8" bgColor="1E1E1E" fontName="" fontStyle="0" fontSize="" />
            <WordsStyle name="PUNCTUATION" styleID="8" fgColor="C8C8C8" bgColor="1E1E1E" fontName="" fontStyle="0" fontSize="" />
            <WordsStyle name="POD" styleID="3" fgColor="C8C8C8" bgColor="1E1E1E" fontName="" fontStyle="0" fontSize="" />
            <WordsStyle name="ERROR" styleID="1" fgColor="C8C8C8" bgColor="1E1E1E" fontName="" fontStyle="0" fontSize="" />
            <WordsStyle name="LONGQUOTE" styleID="19" fgColor="C8C8C8" bgColor="1E1E1E" fontName="" fontStyle="0" fontSize="" />
            <WordsStyle name="DATASECTION" styleID="21" fgColor="C8C8C8" bgColor="1E1E1E" fontName="" fontStyle="0" fontSize="" />
            <WordsStyle name="REGSUBST" styleID="18" fgColor="C8C8C8" bgColor="1E1E1E" fontName="" fontStyle="0" fontSize="" />
            <WordsStyle name="BACKTICKS" styleID="20" fgColor="C8C8C8" bgColor="1E1E1E" fontName="" fontStyle="0" fontSize="" />
        </LexerType>
        <LexerType name="python" desc="Python" ext="">
            <WordsStyle name="DEFAULT" styleID="0" fgColor="C8C8C8" bgColor="1E1E1E" fontName="" fontStyle="0" fontSize="" />
            <WordsStyle name="COMMENTLINE" styleID="1" fgColor="608B4E" bgColor="1E1E1E" fontName="" fontStyle="0" fontSize="" />
            <WordsStyle name="NUMBER" styleID="2" fgColor="B5CEA8" bgColor="1E1E1E" fontName="" fontStyle="0" fontSize="" />
            <WordsStyle name="STRING" styleID="3" fgColor="D69D85" bgColor="1E1E1E" fontName="" fontStyle="0" fontSize="" />
            <WordsStyle name="CHARACTER" styleID="4" fgColor="D69D85" bgColor="1E1E1E" fontName="" fontStyle="0" fontSize="" />
            <WordsStyle name="KEYWORDS" styleID="5" fgColor="9B9B9B" bgColor="1E1E1E" fontName="" fontStyle="0" fontSize="" keywordClass="instre1">bool long int char</WordsStyle>
            <WordsStyle name="TRIPLE" styleID="6" fgColor="C8C8C8" bgColor="1E1E1E" fontName="" fontStyle="0" fontSize="" />
            <WordsStyle name="TRIPLEDOUBLE" styleID="7" fgColor="C8C8C8" bgColor="1E1E1E" fontName="" fontStyle="0" fontSize="" />
            <WordsStyle name="CLASSNAME" styleID="8" fgColor="C8C8C8" bgColor="1E1E1E" fontName="" fontStyle="0" fontSize="" />
            <WordsStyle name="DEFNAME" styleID="9" fgColor="C8C8C8" bgColor="1E1E1E" fontName="" fontStyle="0" fontSize="" />
            <WordsStyle name="OPERATOR" styleID="10" fgColor="9B9B9B" bgColor="1E1E1E" fontName="" fontStyle="0" fontSize="" />
            <WordsStyle name="IDENTIFIER" styleID="11" fgColor="8DA6CE" bgColor="1E1E1E" fontName="" fontStyle="0" fontSize="" />
            <WordsStyle name="COMMENTBLOCK" styleID="12" fgColor="608B4E" bgColor="1E1E1E" fontName="" fontStyle="0" fontSize="" />
            <WordsStyle name="STRINGEOL" styleID="12" fgColor="D69D85" bgColor="1E1E1E" fontName="" fontStyle="0" fontSize="" />
        </LexerType>
        <LexerType name="batch" desc="Batch" ext="">
            <WordsStyle name="DEFAULT" styleID="0" fgColor="C8C8C8" bgColor="1E1E1E" fontName="" fontStyle="0" fontSize="" />
            <WordsStyle name="COMMENT" styleID="1" fgColor="FFFF00" bgColor="1E1E1E" fontName="" fontStyle="0" fontSize="" />
            <WordsStyle name="KEYWORDS" styleID="2" fgColor="4E9CD6" bgColor="1E1E1E" fontName="" fontStyle="0" fontSize="" keywordClass="instre1" />
            <WordsStyle name="LABEL" styleID="3" fgColor="8DA6CE" bgColor="1E1E1E" fontName="" fontStyle="0" fontSize="" />
            <WordsStyle name="HIDE SYBOL" styleID="4" fgColor="9B9B9B" bgColor="1E1E1E" fontName="" fontStyle="0" fontSize="" />
            <WordsStyle name="COMMAND" styleID="5" fgColor="9B9B9B" bgColor="1E1E1E" fontName="" fontStyle="0" fontSize="">bool long int char</WordsStyle>
            <WordsStyle name="VARIABLE" styleID="6" fgColor="92CAF4" bgColor="1E1E1E" fontName="" fontStyle="0" fontSize="" />
            <WordsStyle name="OPERATOR" styleID="7" fgColor="9B9B9B" bgColor="1E1E1E" fontName="" fontStyle="0" fontSize="" />
        </LexerType>
        <LexerType name="lua" desc="Lua" ext="">
            <WordsStyle name="DEFAULT" styleID="0" fgColor="C8C8C8" bgColor="1E1E1E" fontName="" fontStyle="0" fontSize="" />
            <WordsStyle name="COMMENT" styleID="1" fgColor="608B4E" bgColor="1E1E1E" fontName="" fontStyle="0" fontSize="" />
            <WordsStyle name="COMMENT LINE" styleID="2" fgColor="608B4E" bgColor="1E1E1E" fontName="" fontStyle="0" fontSize="" />
            <WordsStyle name="COMMENT DOC" styleID="3" fgColor="608B4E" bgColor="1E1E1E" fontName="" fontStyle="0" fontSize="" />
            <WordsStyle name="LITERALSTRING" styleID="8" fgColor="D69D85" bgColor="1E1E1E" fontName="" fontStyle="0" fontSize="" />
            <WordsStyle name="PREPROCESSOR" styleID="9" fgColor="9B9B9B" bgColor="1E1E1E" fontName="" fontStyle="0" fontSize="" />
            <WordsStyle name="INSTRUCTION WORD" styleID="5" fgColor="4E9CD6" bgColor="1E1E1E" fontName="" fontStyle="0" fontSize="" keywordClass="instre1" />
            <WordsStyle name="NUMBER" styleID="4" fgColor="B5CEA8" bgColor="1E1E1E" fontName="" fontStyle="0" fontSize="" />
            <WordsStyle name="STRING" styleID="6" fgColor="D69D85" bgColor="1E1E1E" fontName="" fontStyle="0" fontSize="" />
            <WordsStyle name="CHARACTER" styleID="7" fgColor="D69D85" bgColor="1E1E1E" fontName="" fontStyle="0" fontSize="" />
            <WordsStyle name="OPERATOR" styleID="10" fgColor="9B9B9B" bgColor="1E1E1E" fontName="" fontStyle="0" fontSize="" />
            <WordsStyle name="FUNC1" styleID="13" fgColor="C8C8C8" bgColor="1E1E1E" fontName="" fontStyle="0" fontSize="" keywordClass="instre2" />
            <WordsStyle name="FUNC2" styleID="14" fgColor="C8C8C8" bgColor="1E1E1E" fontName="" fontStyle="0" fontSize="" keywordClass="type1">param @projectDescription projectDescription @param</WordsStyle>
            <WordsStyle name="FUNC3" styleID="15" fgColor="C8C8C8" bgColor="1E1E1E" fontName="" fontStyle="0" fontSize="" keywordClass="type2" />
        </LexerType>
        <LexerType name="tex" desc="TeX" ext="">
            <WordsStyle name="DEFAULT" styleID="0" fgColor="C8C8C8" bgColor="1E1E1E" fontName="" fontStyle="0" fontSize="" />
            <WordsStyle name="SPECIAL" styleID="1" fgColor="9B9B9B" bgColor="1E1E1E" fontName="" fontStyle="0" fontSize="" />
            <WordsStyle name="GROUP" styleID="2" fgColor="9B9B9B" bgColor="1E1E1E" fontName="" fontStyle="0" fontSize="" />
            <WordsStyle name="SYMBOL" styleID="3" fgColor="8DA6CE" bgColor="1E1E1E" fontName="" fontStyle="0" fontSize="" />
            <WordsStyle name="COMMAND" styleID="4" fgColor="4E9CD6" bgColor="1E1E1E" fontName="" fontStyle="0" fontSize="" />
            <WordsStyle name="TEXT" styleID="5" fgColor="C8C8C8" bgColor="1E1E1E" fontName="" fontStyle="0" fontSize="" />
        </LexerType>
        <LexerType name="nsis" desc="NSIS" ext="">
            <WordsStyle name="DEFAULT" styleID="0" fgColor="C8C8C8" bgColor="1E1E1E" fontName="" fontStyle="0" fontSize="" />
            <WordsStyle name="COMMENTLINE" styleID="1" fgColor="608B4E" bgColor="1E1E1E" fontName="" fontStyle="0" fontSize="" />
            <WordsStyle name="STRING DOUBLE QUOTE" styleID="2" fgColor="D69D85" bgColor="1E1E1E" fontName="" fontStyle="0" fontSize="" />
            <WordsStyle name="STRING LEFT QUOTE" styleID="3" fgColor="D69D85" bgColor="1E1E1E" fontName="" fontStyle="0" fontSize="" />
            <WordsStyle name="STRING RIGHT QUOTE" styleID="4" fgColor="D69D85" bgColor="1E1E1E" fontName="" fontStyle="0" fontSize="">endfunction endif</WordsStyle>
            <WordsStyle name="FUNCTION" styleID="5" fgColor="8DA6CE" bgColor="1E1E1E" fontName="" fontStyle="0" fontSize="" keywordClass="instre1" />
            <WordsStyle name="VARIABLE" styleID="6" fgColor="C8C8C8" bgColor="1E1E1E" fontName="" fontStyle="0" fontSize="" keywordClass="instre2" />
            <WordsStyle name="LABEL" styleID="7" fgColor="569CD6" bgColor="1E1E1E" fontName="" fontStyle="0" fontSize="" keywordClass="type1" />
            <WordsStyle name="USER DEFINED" styleID="8" fgColor="C8C8C8" bgColor="1E1E1E" fontName="" fontStyle="0" fontSize="" keywordClass="type2" />
            <WordsStyle name="SECTION" styleID="9" fgColor="569CD6" bgColor="1E1E1E" fontName="" fontStyle="0" fontSize="" />
            <WordsStyle name="SUBSECTION" styleID="10" fgColor="C8C8C8" bgColor="1E1E1E" fontName="" fontStyle="0" fontSize="" />
            <WordsStyle name="IF DEFINE" styleID="11" fgColor="C8C8C8" bgColor="1E1E1E" fontName="" fontStyle="0" fontSize="" />
            <WordsStyle name="MACRO" styleID="12" fgColor="C8C8C8" bgColor="1E1E1E" fontName="" fontStyle="0" fontSize="" />
            <WordsStyle name="STRING VAR" styleID="13" fgColor="D69D85" bgColor="1E1E1E" fontName="" fontStyle="0" fontSize="" />
            <WordsStyle name="NUMBER" styleID="14" fgColor="B5CEA8" bgColor="1E1E1E" fontName="" fontStyle="0" fontSize="" />
            <WordsStyle name="SECTION GROUP" styleID="15" fgColor="C8C8C8" bgColor="1E1E1E" fontName="" fontStyle="0" fontSize="" />
            <WordsStyle name="PAGE EX" styleID="16" fgColor="C8C8C8" bgColor="1E1E1E" fontName="" fontStyle="0" fontSize="" />
            <WordsStyle name="FUNCTION DEFINITIONS" styleID="17" fgColor="C8C8C8" bgColor="1E1E1E" fontName="" fontStyle="0" fontSize="" />
            <WordsStyle name="COMMENT" styleID="18" fgColor="608B4E" bgColor="1E1E1E" fontName="" fontStyle="0" fontSize="" />
        </LexerType>
        <LexerType name="actionscript" desc="ActionScript" ext="">
            <!--
            <WordsStyle name="DIRECTIVE" styleID="19" fgColor="9B9B9B" bgColor="1E1E1E" fontName="" fontStyle="" fontSize="" keywordClass="instre2" />
            -->
            <WordsStyle name="DEFAULT" styleID="11" fgColor="C8C8C8" bgColor="1E1E1E" fontName="" fontStyle="0" fontSize="" />
            <WordsStyle name="FUNCTION" styleID="20" fgColor="8DA6CE" bgColor="1E1E1E" fontName="" fontStyle="0" fontSize="" keywordClass="type2">ContentScroller</WordsStyle>
            <WordsStyle name="PREPROCESSOR" styleID="9" fgColor="9B9B9B" bgColor="1E1E1E" fontName="" fontStyle="0" fontSize="" />
            <WordsStyle name="INSTRUCTION WORD" styleID="5" fgColor="4E9CD6" bgColor="1E1E1E" fontName="" fontStyle="0" fontSize="" keywordClass="instre1" />
            <WordsStyle name="TYPE WORD" styleID="16" fgColor="4E9CD6" bgColor="1E1E1E" fontName="" fontStyle="0" fontSize="" keywordClass="type1">endfunction endif</WordsStyle>
            <WordsStyle name="NUMBER" styleID="4" fgColor="B5CEA8" bgColor="1E1E1E" fontName="" fontStyle="0" fontSize="" />
            <WordsStyle name="STRING" styleID="6" fgColor="D69D85" bgColor="1E1E1E" fontName="" fontStyle="0" fontSize="" />
            <WordsStyle name="CHARACTER" styleID="7" fgColor="D69D85" bgColor="1E1E1E" fontName="" fontStyle="0" fontSize="" />
            <WordsStyle name="OPERATOR" styleID="10" fgColor="9B9B9B" bgColor="1E1E1E" fontName="" fontStyle="0" fontSize="" />
            <WordsStyle name="VERBATIM" styleID="13" fgColor="B5CEA8" bgColor="1E1E1E" fontName="" fontStyle="0" fontSize="" />
            <WordsStyle name="REGEX" styleID="14" fgColor="D69D85" bgColor="1E1E1E" fontName="" fontStyle="0" fontSize="" />
            <WordsStyle name="COMMENT" styleID="1" fgColor="608B4E" bgColor="1E1E1E" fontName="" fontStyle="0" fontSize="" />
            <WordsStyle name="COMMENT LINE" styleID="2" fgColor="608B4E" bgColor="1E1E1E" fontName="" fontStyle="0" fontSize="" />
            <WordsStyle name="COMMENT DOC" styleID="3" fgColor="608B4E" bgColor="1E1E1E" fontName="" fontStyle="0" fontSize="" />
            <WordsStyle name="COMMENT LINE DOC" styleID="15" fgColor="608B4E" bgColor="1E1E1E" fontName="" fontStyle="0" fontSize="" />
            <WordsStyle name="COMMENT DOC KEYWORD" styleID="17" fgColor="608B4E" bgColor="1E1E1E" fontName="" fontStyle="0" fontSize="" />
            <WordsStyle name="COMMENT DOC KEYWORD ERROR" styleID="18" fgColor="608B4E" bgColor="1E1E1E" fontName="" fontStyle="0" fontSize="" />
        </LexerType>
        <LexerType name="bash" desc="bash" ext="sh nginx bashrc profile conf">
            <WordsStyle name="DEFAULT" styleID="0" fgColor="C8C8C8" bgColor="1E1E1E" fontName="" fontStyle="0" fontSize="" />
            <WordsStyle name="ERROR" styleID="1" fgColor="C8C8C8" bgColor="1E1E1E" fontName="" fontStyle="0" fontSize="">ContentScroller</WordsStyle>
            <WordsStyle name="INSTRUCTION WORD" styleID="4" fgColor="4E9CD6" bgColor="1E1E1E" fontName="" fontStyle="0" fontSize="" keywordClass="instre1" />
            <WordsStyle name="NUMBER" styleID="3" fgColor="B5CEA8" bgColor="1E1E1E" fontName="" fontStyle="0" fontSize="" />
            <WordsStyle name="STRING" styleID="5" fgColor="D69D85" bgColor="1E1E1E" fontName="" fontStyle="0" fontSize="">onMotionChanged onMotionFinished Tween ImagesStrip ContentScroller mx transitions easing Sprite Point MouseEvent Event BitmapData Timer TimerEvent addEventListener event x y height width</WordsStyle>
            <WordsStyle name="CHARACTER" styleID="6" fgColor="D69D85" bgColor="1E1E1E" fontName="" fontStyle="0" fontSize="" />
            <WordsStyle name="OPERATOR" styleID="7" fgColor="9B9B9B" bgColor="1E1E1E" fontName="" fontStyle="0" fontSize="" />
            <WordsStyle name="IDENTIFIER" styleID="8" fgColor="8DA6CE" bgColor="1E1E1E" fontName="" fontStyle="0" fontSize="" />
            <WordsStyle name="SCALAR" styleID="9" fgColor="C8C8C8" bgColor="1E1E1E" fontName="" fontStyle="0" fontSize="" />
            <WordsStyle name="COMMENT LINE" styleID="2" fgColor="FFFF80" bgColor="1E1E1E" fontName="" fontStyle="0" fontSize="" />
            <WordsStyle name="PARAM" styleID="10" fgColor="C8C8C8" bgColor="1E1E1E" fontName="" fontStyle="0" fontSize="" />
            <WordsStyle name="BACKTICKS" styleID="11" fgColor="C8C8C8" bgColor="1E1E1E" fontName="" fontStyle="0" fontSize="" />
            <WordsStyle name="HERE DELIM" styleID="12" fgColor="C8C8C8" bgColor="1E1E1E" fontName="" fontStyle="0" fontSize="" />
            <WordsStyle name="HERE Q" styleID="13" fgColor="C8C8C8" bgColor="1E1E1E" fontName="" fontStyle="0" fontSize="" />
        </LexerType>
        <LexerType name="fortran" desc="Fortran" ext="">
            <WordsStyle name="DEFAULT" styleID="0" fgColor="C8C8C8" bgColor="1E1E1E" fontName="" fontStyle="0" fontSize="" />
            <WordsStyle name="COMMENT" styleID="1" fgColor="608B4E" bgColor="1E1E1E" fontName="" fontStyle="0" fontSize="">ContentScroller</WordsStyle>
            <WordsStyle name="NUMBER" styleID="2" fgColor="B5CEA8" bgColor="1E1E1E" fontName="" fontStyle="0" fontSize="" />
            <WordsStyle name="STRING" styleID="3" fgColor="D69D85" bgColor="1E1E1E" fontName="" fontStyle="0" fontSize="" />
            <WordsStyle name="STRING2" styleID="4" fgColor="D69D85" bgColor="1E1E1E" fontName="" fontStyle="0" fontSize="">onMotionChanged onMotionFinished Tween ImagesStrip ContentScroller mx transitions easing Sprite Point MouseEvent Event BitmapData Timer TimerEvent addEventListener event x y height width</WordsStyle>
            <WordsStyle name="STRINGEOL" styleID="5" fgColor="D69D85" bgColor="1E1E1E" fontName="" fontStyle="0" fontSize="" />
            <WordsStyle name="OPERATOR" styleID="6" fgColor="9B9B9B" bgColor="1E1E1E" fontName="" fontStyle="0" fontSize="" />
            <WordsStyle name="IDENTIFIER" styleID="7" fgColor="8DA6CE" bgColor="1E1E1E" fontName="" fontStyle="0" fontSize="" />
            <WordsStyle name="INSTRUCTION WORD" styleID="8" fgColor="4E9CD6" bgColor="1E1E1E" fontName="" fontStyle="0" fontSize="" keywordClass="instre1" />
            <WordsStyle name="FUNCTION1" styleID="9" fgColor="C8C8C8" bgColor="1E1E1E" fontName="" fontStyle="0" fontSize="" keywordClass="instre2" />
            <WordsStyle name="FUNCTION2" styleID="10" fgColor="C8C8C8" bgColor="1E1E1E" fontName="" fontStyle="0" fontSize="" keywordClass="type1" />
            <WordsStyle name="PREPROCESSOR" styleID="11" fgColor="9B9B9B" bgColor="1E1E1E" fontName="" fontStyle="0" fontSize="" />
            <WordsStyle name="OPERATOR2" styleID="12" fgColor="C8C8C8" bgColor="1E1E1E" fontName="" fontStyle="0" fontSize="" />
            <WordsStyle name="LABEL" styleID="13" fgColor="569CD6" bgColor="1E1E1E" fontName="" fontStyle="0" fontSize="" />
            <WordsStyle name="CONTINUATION" styleID="14" fgColor="C8C8C8" bgColor="1E1E1E" fontName="" fontStyle="0" fontSize="" />
        </LexerType>
        <LexerType name="lisp" desc="LISP" ext="">
            <WordsStyle name="DEFAULT" styleID="0" fgColor="C8C8C8" bgColor="1E1E1E" fontName="" fontStyle="0" fontSize="" />
            <WordsStyle name="COMMENTLINE" styleID="1" fgColor="608B4E" bgColor="1E1E1E" fontName="" fontStyle="0" fontSize="" />
            <WordsStyle name="NUMBER" styleID="2" fgColor="B5CEA8" bgColor="1E1E1E" fontName="" fontStyle="0" fontSize="" />
            <WordsStyle name="FUNCTION WORD" styleID="3" fgColor="C8C8C8" bgColor="1E1E1E" fontName="" fontStyle="0" fontSize="" keywordClass="instre1" />
            <WordsStyle name="SYMBOL" styleID="5" fgColor="C8C8C8" bgColor="1E1E1E" fontName="" fontStyle="0" fontSize="" />
            <WordsStyle name="STRING" styleID="6" fgColor="D69D85" bgColor="1E1E1E" fontName="" fontStyle="0" fontSize="" />
            <WordsStyle name="STRINGEOL" styleID="8" fgColor="D69D85" bgColor="1E1E1E" fontName="" fontStyle="0" fontSize="" />
            <WordsStyle name="IDENTIFIER" styleID="9" fgColor="8DA6CE" bgColor="1E1E1E" fontName="" fontStyle="0" fontSize="" />
            <WordsStyle name="OPERATOR" styleID="10" fgColor="9B9B9B" bgColor="1E1E1E" fontName="" fontStyle="0" fontSize="" keywordClass="type1" />
            <WordsStyle name="SPECIAL" styleID="11" fgColor="C8C8C8" bgColor="1E1E1E" fontName="" fontStyle="0" fontSize="" />
            <WordsStyle name="COMMENT" styleID="12" fgColor="608B4E" bgColor="1E1E1E" fontName="" fontStyle="0" fontSize="" />
        </LexerType>
        <LexerType name="asm" desc="Assembler" ext="">
            <WordsStyle name="DEFAULT" styleID="0" fgColor="C8C8C8" bgColor="1E1E1E" fontName="" fontStyle="0" fontSize="" />
            <WordsStyle name="COMMENT" styleID="1" fgColor="608B4E" bgColor="1E1E1E" fontName="" fontStyle="0" fontSize="" />
            <WordsStyle name="NUMBER" styleID="2" fgColor="B5CEA8" bgColor="1E1E1E" fontName="" fontStyle="0" fontSize="" />
            <WordsStyle name="STRING" styleID="3" fgColor="D69D85" bgColor="1E1E1E" fontName="" fontStyle="0" fontSize="" />
            <WordsStyle name="OPERATOR" styleID="4" fgColor="9B9B9B" bgColor="1E1E1E" fontName="" fontStyle="0" fontSize="" />
            <WordsStyle name="IDENTIFIER" styleID="5" fgColor="8DA6CE" bgColor="1E1E1E" fontName="" fontStyle="0" fontSize="" />
            <WordsStyle name="CPU INSTRUCTION" styleID="6" fgColor="C8C8C8" bgColor="1E1E1E" fontName="" fontStyle="0" fontSize="" keywordClass="instre1" />
            <WordsStyle name="MATH INSTRUCTION" styleID="7" fgColor="C8C8C8" bgColor="1E1E1E" fontName="" fontStyle="0" fontSize="" keywordClass="instre2" />
            <WordsStyle name="REGISTER" styleID="8" fgColor="C8C8C8" bgColor="1E1E1E" fontName="" fontStyle="0" fontSize="" keywordClass="type1" />
            <WordsStyle name="DIRECTIVE" styleID="9" fgColor="9B9B9B" bgColor="1E1E1E" fontName="" fontStyle="0" fontSize="" keywordClass="type2" />
            <WordsStyle name="DIRECTIVE OPERAND" styleID="10" fgColor="C8C8C8" bgColor="1E1E1E" fontName="" fontStyle="0" fontSize="" keywordClass="type3" />
            <WordsStyle name="COMMENT BLOCK" styleID="11" fgColor="608B4E" bgColor="1E1E1E" fontName="" fontStyle="0" fontSize="" />
            <WordsStyle name="CHARACTER" styleID="12" fgColor="D69D85" bgColor="1E1E1E" fontName="" fontStyle="0" fontSize="" />
            <WordsStyle name="STRINGEOL" styleID="13" fgColor="D69D85" bgColor="1E1E1E" fontName="" fontStyle="0" fontSize="" />
            <WordsStyle name="EXT INSTRUCTION" styleID="14" fgColor="C8C8C8" bgColor="1E1E1E" fontName="" fontStyle="0" fontSize="" keywordClass="type4" />
        </LexerType>
        <LexerType name="ruby" desc="Ruby" ext="">
            <WordsStyle name="DEFAULT" styleID="0" fgColor="C8C8C8" bgColor="1E1E1E" fontName="" fontStyle="0" fontSize="" />
            <WordsStyle name="ERROR" styleID="1" fgColor="C8C8C8" bgColor="1E1E1E" fontName="" fontStyle="0" fontSize="" />
            <WordsStyle name="COMMENTLINE" styleID="2" fgColor="608B4E" bgColor="1E1E1E" fontName="" fontStyle="0" fontSize="" />
            <WordsStyle name="POD" styleID="3" fgColor="C8C8C8" bgColor="1E1E1E" fontName="" fontStyle="0" fontSize="" />
            <WordsStyle name="NUMBER" styleID="4" fgColor="B5CEA8" bgColor="1E1E1E" fontName="" fontStyle="0" fontSize="" />
            <WordsStyle name="INSTRUCTION" styleID="5" fgColor="4E9CD6" bgColor="1E1E1E" fontName="" fontStyle="0" fontSize="" keywordClass="instre1" />
            <WordsStyle name="STRING" styleID="6" fgColor="D69D85" bgColor="1E1E1E" fontName="" fontStyle="0" fontSize="" />
            <WordsStyle name="CHARACTER" styleID="7" fgColor="D69D85" bgColor="1E1E1E" fontName="" fontStyle="0" fontSize="" />
            <WordsStyle name="CLASS NAME" styleID="8" fgColor="569CD6" bgColor="1E1E1E" fontName="" fontStyle="0" fontSize="" />
            <WordsStyle name="DEF NAME" styleID="9" fgColor="569CD6" bgColor="1E1E1E" fontName="" fontStyle="0" fontSize="" />
            <WordsStyle name="OPERATOR" styleID="10" fgColor="9B9B9B" bgColor="1E1E1E" fontName="" fontStyle="0" fontSize="" />
            <WordsStyle name="IDENTIFIER" styleID="11" fgColor="8DA6CE" bgColor="1E1E1E" fontName="" fontStyle="0" fontSize="" />
            <WordsStyle name="REGEX" styleID="12" fgColor="D69D85" bgColor="1E1E1E" fontName="" fontStyle="0" fontSize="" />
            <WordsStyle name="GLOBAL" styleID="13" fgColor="C8C8C8" bgColor="1E1E1E" fontName="" fontStyle="0" fontSize="" />
            <WordsStyle name="SYMBOL" styleID="14" fgColor="C8C8C8" bgColor="1E1E1E" fontName="" fontStyle="0" fontSize="" />
            <WordsStyle name="MODULE NAME" styleID="15" fgColor="C8C8C8" bgColor="1E1E1E" fontName="" fontStyle="0" fontSize="" />
            <WordsStyle name="INSTANCE VAR" styleID="16" fgColor="C8C8C8" bgColor="1E1E1E" fontName="" fontStyle="0" fontSize="" />
            <WordsStyle name="CLASS VAR" styleID="17" fgColor="C8C8C8" bgColor="1E1E1E" fontName="" fontStyle="0" fontSize="" />
            <WordsStyle name="BACKTICKS" styleID="18" fgColor="C8C8C8" bgColor="1E1E1E" fontName="" fontStyle="0" fontSize="" />
            <WordsStyle name="DATA SECTION" styleID="19" fgColor="C8C8C8" bgColor="1E1E1E" fontName="" fontStyle="0" fontSize="" />
            <WordsStyle name="STRING Q" styleID="24" fgColor="D69D85" bgColor="1E1E1E" fontName="" fontStyle="0" fontSize="" />
        </LexerType>
        <LexerType name="postscript" desc="Postscript" ext="">
            <WordsStyle name="DEFAULT" styleID="0" fgColor="C8C8C8" bgColor="1E1E1E" fontName="" fontStyle="0" fontSize="" />
            <WordsStyle name="COMMENT" styleID="1" fgColor="608B4E" bgColor="1E1E1E" fontName="" fontStyle="0" fontSize="" />
            <WordsStyle name="DSC COMMENT" styleID="2" fgColor="C8C8C8" bgColor="1E1E1E" fontName="" fontStyle="0" fontSize="" />
            <WordsStyle name="DSC VALUE" styleID="3" fgColor="C8C8C8" bgColor="1E1E1E" fontName="" fontStyle="0" fontSize="" />
            <WordsStyle name="NUMBER" styleID="4" fgColor="B5CEA8" bgColor="1E1E1E" fontName="" fontStyle="0" fontSize="" />
            <WordsStyle name="Name" styleID="5" fgColor="C8C8C8" bgColor="1E1E1E" fontName="" fontStyle="0" fontSize="">raise</WordsStyle>
            <WordsStyle name="INSTRUCTION" styleID="6" fgColor="4E9CD6" bgColor="1E1E1E" fontName="" fontStyle="0" fontSize="" keywordClass="instre1" />
            <WordsStyle name="LITERAL" styleID="7" fgColor="C8C8C8" bgColor="1E1E1E" fontName="" fontStyle="0" fontSize="" />
            <WordsStyle name="IMMEVAL" styleID="8" fgColor="C8C8C8" bgColor="1E1E1E" fontName="" fontStyle="0" fontSize="" />
            <WordsStyle name="PAREN ARRAY" styleID="9" fgColor="C8C8C8" bgColor="1E1E1E" fontName="" fontStyle="0" fontSize="" />
            <WordsStyle name="PAREN DICT" styleID="10" fgColor="C8C8C8" bgColor="1E1E1E" fontName="" fontStyle="0" fontSize="" />
            <WordsStyle name="PAREN PROC" styleID="11" fgColor="C8C8C8" bgColor="1E1E1E" fontName="" fontStyle="0" fontSize="" />
            <WordsStyle name="TEXT" styleID="12" fgColor="D69D85" bgColor="1E1E1E" fontName="" fontStyle="0" fontSize="" />
            <WordsStyle name="HEX STRING" styleID="13" fgColor="D69D85" bgColor="1E1E1E" fontName="" fontStyle="0" fontSize="" />
            <WordsStyle name="BASE85 STRING" styleID="14" fgColor="D69D85" bgColor="1E1E1E" fontName="" fontStyle="0" fontSize="" />
            <WordsStyle name="BAD STRING CHAR" styleID="15" fgColor="D69D85" bgColor="1E1E1E" fontName="" fontStyle="0" fontSize="" />
        </LexerType>
        <LexerType name="powershell" desc="PowerShell" ext="">
            <WordsStyle name="DEFAULT" styleID="0" fgColor="C8C8C8" bgColor="1E1E1E" fontName="" fontStyle="0" fontSize="" />
            <WordsStyle name="COMMENT" styleID="1" fgColor="608B4E" bgColor="1E1E1E" fontName="" fontStyle="2" fontSize="" />
            <WordsStyle name="STRING" styleID="2" fgColor="D69D85" bgColor="1E1E1E" fontName="" fontStyle="0" fontSize="" />
            <WordsStyle name="CHARACTER" styleID="3" fgColor="D69D85" bgColor="1E1E1E" fontName="" fontStyle="0" fontSize="" />
            <WordsStyle name="NUMBER" styleID="4" fgColor="B5CEA8" bgColor="1E1E1E" fontName="" fontStyle="0" fontSize="" />
            <WordsStyle name="VARIABLE" styleID="5" fgColor="C8C8C8" bgColor="1E1E1E" fontName="" fontStyle="0" fontSize="">raise</WordsStyle>
            <WordsStyle name="OPERATOR" styleID="6" fgColor="9B9B9B" bgColor="1E1E1E" fontName="" fontStyle="0" fontSize="" />
            <WordsStyle name="INSTRUCTION WORD" styleID="8" fgColor="4E9CD6" bgColor="1E1E1E" fontName="" fontStyle="0" fontSize="" keywordClass="instre1" />
            <WordsStyle name="CMDLET" styleID="9" fgColor="9B9B9B" bgColor="1E1E1E" fontName="" fontStyle="0" fontSize="" keywordClass="instre2" />
            <WordsStyle name="ALIAS" styleID="10" fgColor="9B9B9B" bgColor="1E1E1E" fontName="" fontStyle="0" fontSize="" keywordClass="type1" />
        </LexerType>
        <LexerType name="vhdl" desc="VHDL" ext="">
            <WordsStyle name="DEFAULT" styleID="0" fgColor="C8C8C8" bgColor="1E1E1E" fontName="" fontStyle="0" fontSize="" />
            <WordsStyle name="COMMENT" styleID="1" fgColor="608B4E" bgColor="1E1E1E" fontName="" fontStyle="0" fontSize="" />
            <WordsStyle name="COMMENT LIne" styleID="2" fgColor="608B4E" bgColor="1E1E1E" fontName="" fontStyle="0" fontSize="" />
            <WordsStyle name="NUMBER" styleID="3" fgColor="B5CEA8" bgColor="1E1E1E" fontName="" fontStyle="0" fontSize="" />
            <WordsStyle name="STRING" styleID="4" fgColor="D69D85" bgColor="1E1E1E" fontName="" fontStyle="0" fontSize="" />
            <WordsStyle name="OPERATOR" styleID="5" fgColor="9B9B9B" bgColor="1E1E1E" fontName="" fontStyle="0" fontSize="">True False</WordsStyle>
            <WordsStyle name="IDENTIFIER" styleID="6" fgColor="8DA6CE" bgColor="1E1E1E" fontName="" fontStyle="0" fontSize="" />
            <WordsStyle name="STRING EOL" styleID="7" fgColor="D69D85" bgColor="1E1E1E" fontName="" fontStyle="0" fontSize="" />
            <WordsStyle name="INSTRUCTION" styleID="8" fgColor="4E9CD6" bgColor="1E1E1E" fontName="" fontStyle="0" fontSize="" keywordClass="instre1" />
            <WordsStyle name="STD OPERATOR" styleID="9" fgColor="C8C8C8" bgColor="1E1E1E" fontName="" fontStyle="0" fontSize="" keywordClass="instre2" />
            <WordsStyle name="ATTRIBUTE" styleID="10" fgColor="569CD6" bgColor="1E1E1E" fontName="" fontStyle="0" fontSize="" keywordClass="type1" />
            <WordsStyle name="DIRECTIVE" styleID="9" fgColor="9B9B9B" bgColor="1E1E1E" fontName="" fontStyle="0" fontSize="" />
            <WordsStyle name="DIRECTIVE OPERAND" styleID="10" fgColor="C8C8C8" bgColor="1E1E1E" fontName="" fontStyle="0" fontSize="" />
            <WordsStyle name="STD FUNCTION" styleID="11" fgColor="C8C8C8" bgColor="1E1E1E" fontName="" fontStyle="0" fontSize="" keywordClass="type2" />
            <WordsStyle name="STD PACKAGE" styleID="12" fgColor="C8C8C8" bgColor="1E1E1E" fontName="" fontStyle="0" fontSize="" keywordClass="type3" />
            <WordsStyle name="STD TYPE" styleID="13" fgColor="C8C8C8" bgColor="1E1E1E" fontName="" fontStyle="0" fontSize="" keywordClass="type4" />
            <WordsStyle name="USER DEFINE" styleID="14" fgColor="C8C8C8" bgColor="1E1E1E" fontName="" fontStyle="0" fontSize="" keywordClass="type5" />
        </LexerType>
        <LexerType name="smalltalk" desc="Smalltalk" ext="">
            <WordsStyle name="DEFAULT" styleID="0" fgColor="C8C8C8" bgColor="1E1E1E" fontName="" fontStyle="0" fontSize="" />
            <WordsStyle name="STRING" styleID="1" fgColor="D69D85" bgColor="1E1E1E" fontName="" fontStyle="0" fontSize="" />
            <WordsStyle name="NUMBER" styleID="2" fgColor="B5CEA8" bgColor="1E1E1E" fontName="" fontStyle="0" fontSize="" />
            <WordsStyle name="COMMENT" styleID="3" fgColor="608B4E" bgColor="1E1E1E" fontName="" fontStyle="0" fontSize="" />
            <WordsStyle name="SYMBOL" styleID="4" fgColor="C8C8C8" bgColor="1E1E1E" fontName="" fontStyle="0" fontSize="" />
            <WordsStyle name="BINARY" styleID="5" fgColor="C8C8C8" bgColor="1E1E1E" fontName="" fontStyle="0" fontSize="">True False</WordsStyle>
            <WordsStyle name="BOOL" styleID="6" fgColor="C8C8C8" bgColor="1E1E1E" fontName="" fontStyle="0" fontSize="" />
            <WordsStyle name="SELF" styleID="7" fgColor="C8C8C8" bgColor="1E1E1E" fontName="" fontStyle="0" fontSize="" />
            <WordsStyle name="SUPER" styleID="8" fgColor="C8C8C8" bgColor="1E1E1E" fontName="" fontStyle="0" fontSize="" />
            <WordsStyle name="NIL" styleID="9" fgColor="C8C8C8" bgColor="1E1E1E" fontName="" fontStyle="0" fontSize="" />
            <WordsStyle name="GLOBAL" styleID="10" fgColor="C8C8C8" bgColor="1E1E1E" fontName="" fontStyle="0" fontSize="" />
            <WordsStyle name="RETURN" styleID="11" fgColor="C8C8C8" bgColor="1E1E1E" fontName="" fontStyle="0" fontSize="" />
            <WordsStyle name="SPECIAL" styleID="12" fgColor="C8C8C8" bgColor="1E1E1E" fontName="" fontStyle="0" fontSize="" />
            <WordsStyle name="KWS END" styleID="13" fgColor="C8C8C8" bgColor="1E1E1E" fontName="" fontStyle="0" fontSize="" />
            <WordsStyle name="ASSIGN" styleID="14" fgColor="C8C8C8" bgColor="1E1E1E" fontName="" fontStyle="0" fontSize="" />
            <WordsStyle name="CHARACTER" styleID="15" fgColor="D69D85" bgColor="1E1E1E" fontName="" fontStyle="0" fontSize="" />
            <WordsStyle name="SPECIAL SELECTOR" styleID="16" fgColor="C8C8C8" bgColor="1E1E1E" fontName="" fontStyle="0" fontSize="" />
        </LexerType>
        <LexerType name="caml" desc="Caml" ext="">
            <WordsStyle name="DEFAULT" styleID="0" fgColor="C8C8C8" bgColor="1E1E1E" fontName="" fontStyle="0" fontSize="" />
            <WordsStyle name="IDENTIFIER" styleID="1" fgColor="8DA6CE" bgColor="1E1E1E" fontName="" fontStyle="0" fontSize="" />
            <WordsStyle name="TAGNAME" styleID="2" fgColor="569CD6" bgColor="1E1E1E" fontName="" fontStyle="0" fontSize="" />
            <WordsStyle name="INSTRUCTION WORD" styleID="3" fgColor="4E9CD6" bgColor="1E1E1E" fontName="" fontStyle="0" fontSize="" keywordClass="instre1" />
            <WordsStyle name="BUILIN FUNC &amp; TYPE" styleID="4" fgColor="C8C8C8" bgColor="1E1E1E" fontName="" fontStyle="0" fontSize="" keywordClass="instre2">if else for while</WordsStyle>
            <WordsStyle name="TYPE" styleID="5" fgColor="C8C8C8" bgColor="1E1E1E" fontName="" fontStyle="0" fontSize="" keywordClass="type1">if else for while</WordsStyle>
            <WordsStyle name="LINENUM" styleID="6" fgColor="C8C8C8" bgColor="1E1E1E" fontName="" fontStyle="0" fontSize="">bool long int char</WordsStyle>
            <WordsStyle name="OPERATOR" styleID="7" fgColor="9B9B9B" bgColor="1E1E1E" fontName="" fontStyle="0" fontSize="" />
            <WordsStyle name="NUMBER" styleID="8" fgColor="B5CEA8" bgColor="1E1E1E" fontName="" fontStyle="0" fontSize="" />
            <WordsStyle name="CHARACTER" styleID="9" fgColor="D69D85" bgColor="1E1E1E" fontName="" fontStyle="0" fontSize="" />
            <WordsStyle name="STRING" styleID="11" fgColor="D69D85" bgColor="1E1E1E" fontName="" fontStyle="0" fontSize="" />
            <WordsStyle name="COMMENT" styleID="12" fgColor="608B4E" bgColor="1E1E1E" fontName="" fontStyle="0" fontSize="" />
            <WordsStyle name="COMMENT LINE" styleID="13" fgColor="608B4E" bgColor="1E1E1E" fontName="" fontStyle="0" fontSize="" />
            <WordsStyle name="COMMENT DOC" styleID="14" fgColor="608B4E" bgColor="1E1E1E" fontName="" fontStyle="0" fontSize="" />
            <WordsStyle name="COMMENT LINE DOC" styleID="15" fgColor="608B4E" bgColor="1E1E1E" fontName="" fontStyle="0" fontSize="" />
        </LexerType>
        <LexerType name="verilog" desc="Verilog" ext="">
            <WordsStyle name="DEFAULT" styleID="0" fgColor="C8C8C8" bgColor="1E1E1E" fontName="" fontStyle="0" fontSize="" />
            <WordsStyle name="IDENTIFIER" styleID="11" fgColor="8DA6CE" bgColor="1E1E1E" fontName="" fontStyle="0" fontSize="" />
            <WordsStyle name="TAGNAME" styleID="2" fgColor="569CD6" bgColor="1E1E1E" fontName="" fontStyle="0" fontSize="" />
            <WordsStyle name="INSTRUCTION WORD" styleID="5" fgColor="4E9CD6" bgColor="1E1E1E" fontName="" fontStyle="0" fontSize="" keywordClass="instre1" />
            <WordsStyle name="KEYWORD" styleID="7" fgColor="9B9B9B" bgColor="1E1E1E" fontName="" fontStyle="0" fontSize="" keywordClass="type1">if else for while</WordsStyle>
            <WordsStyle name="OPERATOR" styleID="10" fgColor="9B9B9B" bgColor="1E1E1E" fontName="" fontStyle="0" fontSize="">if else for while</WordsStyle>
            <WordsStyle name="NUMBER" styleID="4" fgColor="B5CEA8" bgColor="1E1E1E" fontName="" fontStyle="0" fontSize="">bool long int char</WordsStyle>
            <WordsStyle name="PREPROCESSOR" styleID="9" fgColor="9B9B9B" bgColor="1E1E1E" fontName="" fontStyle="0" fontSize="" />
            <WordsStyle name="STRING" styleID="6" fgColor="D69D85" bgColor="1E1E1E" fontName="" fontStyle="0" fontSize="" />
            <WordsStyle name="COMMENT" styleID="1" fgColor="608B4E" bgColor="1E1E1E" fontName="" fontStyle="0" fontSize="" />
            <WordsStyle name="COMMENT LINE" styleID="2" fgColor="608B4E" bgColor="1E1E1E" fontName="" fontStyle="0" fontSize="" />
            <WordsStyle name="COMMENT LINE BANG" styleID="3" fgColor="608B4E" bgColor="1E1E1E" fontName="" fontStyle="0" fontSize="" />
            <WordsStyle name="STRING EOL" styleID="12" fgColor="D69D85" bgColor="1E1E1E" fontName="" fontStyle="0" fontSize="" />
            <WordsStyle name="USER" styleID="19" fgColor="C8C8C8" bgColor="1E1E1E" fontName="" fontStyle="0" fontSize="" />
        </LexerType>
        <LexerType name="kix" desc="KiXtart" ext="">
            <!--
            <WordsStyle name="" styleID="0" fgColor="" bgColor="1E1E1E" fontName="" fontStyle="" fontSize="" />
        -->
            <WordsStyle name="DEFAULT" styleID="31" fgColor="C8C8C8" bgColor="1E1E1E" fontName="" fontStyle="0" fontSize="" />
            <WordsStyle name="COMMENT" styleID="1" fgColor="608B4E" bgColor="1E1E1E" fontName="" fontStyle="0" fontSize="" />
            <WordsStyle name="STRING" styleID="2" fgColor="D69D85" bgColor="1E1E1E" fontName="" fontStyle="0" fontSize="" />
            <WordsStyle name="STRING2" styleID="3" fgColor="D69D85" bgColor="1E1E1E" fontName="" fontStyle="0" fontSize="" />
            <WordsStyle name="NUMBER" styleID="4" fgColor="B5CEA8" bgColor="1E1E1E" fontName="" fontStyle="0" fontSize="" />
            <WordsStyle name="VAR" styleID="5" fgColor="C8C8C8" bgColor="1E1E1E" fontName="" fontStyle="0" fontSize="">if else for while</WordsStyle>
            <WordsStyle name="MACRO" styleID="6" fgColor="C8C8C8" bgColor="1E1E1E" fontName="" fontStyle="0" fontSize="" keywordClass="instre2">bool long int char</WordsStyle>
            <WordsStyle name="INSTRUCTION WORD" styleID="7" fgColor="4E9CD6" bgColor="1E1E1E" fontName="" fontStyle="0" fontSize="" keywordClass="instre1" />
            <WordsStyle name="FUNCTION" styleID="8" fgColor="8DA6CE" bgColor="1E1E1E" fontName="" fontStyle="0" fontSize="" keywordClass="type1" />
            <WordsStyle name="OPERATOR" styleID="9" fgColor="9B9B9B" bgColor="1E1E1E" fontName="" fontStyle="0" fontSize="" />
        </LexerType>
        <LexerType name="autoit" desc="autoIt" ext="">
            <WordsStyle name="DEFAULT" styleID="0" fgColor="C8C8C8" bgColor="1E1E1E" fontName="" fontStyle="0" fontSize="" />
            <WordsStyle name="COMMENT LINE" styleID="1" fgColor="608B4E" bgColor="1E1E1E" fontName="" fontStyle="0" fontSize="" />
            <WordsStyle name="COMMENT" styleID="2" fgColor="608B4E" bgColor="1E1E1E" fontName="" fontStyle="0" fontSize="" />
            <WordsStyle name="NUMBER" styleID="3" fgColor="B5CEA8" bgColor="1E1E1E" fontName="" fontStyle="0" fontSize="" />
            <WordsStyle name="FUNCTION" styleID="4" fgColor="8DA6CE" bgColor="1E1E1E" fontName="" fontStyle="0" fontSize="" keywordClass="instre2" />
            <WordsStyle name="INSTRUCTION WORD" styleID="5" fgColor="4E9CD6" bgColor="1E1E1E" fontName="" fontStyle="0" fontSize="" keywordClass="instre1" />
            <WordsStyle name="MACRO" styleID="6" fgColor="C8C8C8" bgColor="1E1E1E" fontName="" fontStyle="0" fontSize="" keywordClass="type1" />
            <WordsStyle name="STRING" styleID="7" fgColor="D69D85" bgColor="1E1E1E" fontName="" fontStyle="0" fontSize="" />
            <WordsStyle name="OPERATOR" styleID="8" fgColor="9B9B9B" bgColor="1E1E1E" fontName="" fontStyle="0" fontSize="" />
            <WordsStyle name="VARIABLE" styleID="9" fgColor="C8C8C8" bgColor="1E1E1E" fontName="" fontStyle="0" fontSize="" />
            <WordsStyle name="SENT" styleID="10" fgColor="C8C8C8" bgColor="1E1E1E" fontName="" fontStyle="0" fontSize="" keywordClass="type2" />
            <WordsStyle name="PREPROCESSOR" styleID="11" fgColor="9B9B9B" bgColor="1E1E1E" fontName="" fontStyle="0" fontSize="" keywordClass="type3" />
            <WordsStyle name="SPECIAL" styleID="12" fgColor="C8C8C8" bgColor="1E1E1E" fontName="" fontStyle="0" fontSize="" keywordClass="type4" />
            <WordsStyle name="EXPAND" styleID="13" fgColor="C8C8C8" bgColor="1E1E1E" fontName="" fontStyle="0" fontSize="" keywordClass="type5" />
            <WordsStyle name="COMOBJ" styleID="14" fgColor="C8C8C8" bgColor="1E1E1E" fontName="" fontStyle="0" fontSize="" />
        </LexerType>
        <LexerType name="ada" desc="ADA" ext="">
            <WordsStyle name="DEFAULT" styleID="0" fgColor="C8C8C8" bgColor="1E1E1E" fontName="" fontStyle="0" fontSize="" />
            <WordsStyle name="INSTRUCTION WORD" styleID="1" fgColor="4E9CD6" bgColor="1E1E1E" fontName="" fontStyle="0" fontSize="" keywordClass="instre1" />
            <WordsStyle name="IDENTIFIER" styleID="2" fgColor="8DA6CE" bgColor="1E1E1E" fontName="" fontStyle="0" fontSize="" />
            <WordsStyle name="NUMBER" styleID="3" fgColor="B5CEA8" bgColor="1E1E1E" fontName="" fontStyle="0" fontSize="" />
            <WordsStyle name="DELIMITER" styleID="4" fgColor="C8C8C8" bgColor="1E1E1E" fontName="" fontStyle="0" fontSize="" />
            <WordsStyle name="CHARACTER" styleID="5" fgColor="D69D85" bgColor="1E1E1E" fontName="" fontStyle="0" fontSize="" />
            <WordsStyle name="CHARACTER EOL" styleID="6" fgColor="C8C8C8" bgColor="1E1E1E" fontName="" fontStyle="0" fontSize="" />
            <WordsStyle name="STRING" styleID="7" fgColor="D69D85" bgColor="1E1E1E" fontName="" fontStyle="0" fontSize="" />
            <WordsStyle name="STRING EOL" styleID="8" fgColor="D69D85" bgColor="1E1E1E" fontName="" fontStyle="0" fontSize="" />
            <WordsStyle name="LABEL" styleID="9" fgColor="569CD6" bgColor="1E1E1E" fontName="" fontStyle="0" fontSize="" />
            <WordsStyle name="COMMENT LINE" styleID="10" fgColor="608B4E" bgColor="1E1E1E" fontName="" fontStyle="0" fontSize="" />
            <WordsStyle name="ILLEGAL" styleID="11" fgColor="C8C8C8" bgColor="1E1E1E" fontName="" fontStyle="0" fontSize="" />
        </LexerType>
        <LexerType name="matlab" desc="Matlab" ext="octave">
            <WordsStyle name="DEFAULT" styleID="0" fgColor="C8C8C8" bgColor="1E1E1E" fontName="" fontStyle="0" fontSize="" />
            <WordsStyle name="COMMENT" styleID="1" fgColor="608B4E" bgColor="1E1E1E" fontName="" fontStyle="0" fontSize="" />
            <WordsStyle name="COMMAND" styleID="2" fgColor="8DA6CE" bgColor="1E1E1E" fontName="" fontStyle="0" fontSize="" />
            <WordsStyle name="NUMBER" styleID="3" fgColor="B5CEA8" bgColor="1E1E1E" fontName="" fontStyle="0" fontSize="" />
            <WordsStyle name="INSTRUCTION WORD" styleID="4" fgColor="4E9CD6" bgColor="1E1E1E" fontName="" fontStyle="0" fontSize="" keywordClass="instre1" />
            <WordsStyle name="STRING" styleID="5" fgColor="D69D85" bgColor="1E1E1E" fontName="" fontStyle="0" fontSize="" />
            <WordsStyle name="OPERATOR" styleID="6" fgColor="9B9B9B" bgColor="1E1E1E" fontName="" fontStyle="0" fontSize="" />
            <WordsStyle name="IDENTIFIER" styleID="7" fgColor="C8C8C8" bgColor="1E1E1E" fontName="" fontStyle="0" fontSize="" />
            <WordsStyle name="DOUBLE QUOTE STRING" styleID="8" fgColor="D69D85" bgColor="1E1E1E" fontName="" fontStyle="0" fontSize="" />
        </LexerType>
        <LexerType name="haskell" desc="Haskell" ext="">
            <WordsStyle name="DEFAULT" styleID="0" fgColor="C8C8C8" bgColor="1E1E1E" fontName="" fontStyle="0" fontSize="" />
            <WordsStyle name="IDENTIFIER" styleID="1" fgColor="8DA6CE" bgColor="1E1E1E" fontName="" fontStyle="0" fontSize="" />
            <WordsStyle name="KEYWORD" styleID="2" fgColor="9B9B9B" bgColor="1E1E1E" fontName="" fontStyle="0" fontSize="" />
            <WordsStyle name="NUMBER" styleID="3" fgColor="B5CEA8" bgColor="1E1E1E" fontName="" fontStyle="0" fontSize="" />
            <WordsStyle name="STRING" styleID="4" fgColor="D69D85" bgColor="1E1E1E" fontName="" fontStyle="0" fontSize="" />
            <WordsStyle name="CHARACTER" styleID="5" fgColor="D69D85" bgColor="1E1E1E" fontName="" fontStyle="0" fontSize="" />
            <WordsStyle name="CLASS" styleID="6" fgColor="569CD6" bgColor="1E1E1E" fontName="" fontStyle="0" fontSize="" />
            <WordsStyle name="MODULE" styleID="7" fgColor="C8C8C8" bgColor="1E1E1E" fontName="" fontStyle="0" fontSize="" />
            <WordsStyle name="CAPITAL" styleID="8" fgColor="C8C8C8" bgColor="1E1E1E" fontName="" fontStyle="0" fontSize="" />
            <WordsStyle name="DATA" styleID="9" fgColor="C8C8C8" bgColor="1E1E1E" fontName="" fontStyle="0" fontSize="" />
            <WordsStyle name="IMPORT" styleID="10" fgColor="C8C8C8" bgColor="1E1E1E" fontName="" fontStyle="0" fontSize="" />
            <WordsStyle name="OPERATOR" styleID="11" fgColor="9B9B9B" bgColor="1E1E1E" fontName="" fontStyle="0" fontSize="" />
            <WordsStyle name="INSTANCE" styleID="12" fgColor="C8C8C8" bgColor="1E1E1E" fontName="" fontStyle="0" fontSize="" />
            <WordsStyle name="COMMENTLINE" styleID="13" fgColor="608B4E" bgColor="1E1E1E" fontName="" fontStyle="0" fontSize="" />
            <WordsStyle name="COMMENTBLOCK" styleID="14" fgColor="608B4E" bgColor="1E1E1E" fontName="" fontStyle="0" fontSize="" />
            <WordsStyle name="COMMENTBLOCK2" styleID="15" fgColor="608B4E" bgColor="1E1E1E" fontName="" fontStyle="0" fontSize="" />
            <WordsStyle name="COMMENTBLOCK3" styleID="16" fgColor="608B4E" bgColor="1E1E1E" fontName="" fontStyle="0" fontSize="" />
        </LexerType>
        <LexerType name="inno" desc="InnoSetup" ext="">
            <WordsStyle name="DEFAULT" styleID="0" fgColor="C8C8C8" bgColor="1E1E1E" fontName="" fontStyle="0" fontSize="" />
            <WordsStyle name="COMMENT" styleID="1" fgColor="608B4E" bgColor="1E1E1E" fontName="" fontStyle="0" fontSize="" />
            <WordsStyle name="KEYWORD" styleID="2" fgColor="9B9B9B" bgColor="1E1E1E" fontName="" fontStyle="0" fontSize="" keywordClass="instre2" />
            <WordsStyle name="PARAMETER" styleID="3" fgColor="C8C8C8" bgColor="1E1E1E" fontName="" fontStyle="0" fontSize="" keywordClass="type1" />
            <WordsStyle name="SECTION" styleID="4" fgColor="569CD6" bgColor="1E1E1E" fontName="" fontStyle="0" fontSize="" keywordClass="instre1" />
            <WordsStyle name="PREPROCESSOR" styleID="5" fgColor="9B9B9B" bgColor="1E1E1E" fontName="" fontStyle="0" fontSize="" keywordClass="type2" />
            <WordsStyle name="PREPROCESSOR INLINE" styleID="6" fgColor="C8C8C8" bgColor="1E1E1E" fontName="" fontStyle="0" fontSize="" />
            <WordsStyle name="COMMENT PASCAL" styleID="7" fgColor="608B4E" bgColor="1E1E1E" fontName="" fontStyle="0" fontSize="" />
            <WordsStyle name="KEYWORD PASCAL" styleID="8" fgColor="9B9B9B" bgColor="1E1E1E" fontName="" fontStyle="0" fontSize="" keywordClass="type3" />
            <WordsStyle name="KEYWORD USER" styleID="9" fgColor="9B9B9B" bgColor="1E1E1E" fontName="" fontStyle="0" fontSize="" keywordClass="type4" />
            <WordsStyle name="STRING DOUBLE" styleID="10" fgColor="D69D85" bgColor="1E1E1E" fontName="" fontStyle="0" fontSize="" />
            <WordsStyle name="STRING SINGLE" styleID="11" fgColor="D69D85" bgColor="1E1E1E" fontName="" fontStyle="0" fontSize="" />
            <WordsStyle name="IDENTIFIER" styleID="12" fgColor="8DA6CE" bgColor="1E1E1E" fontName="" fontStyle="0" fontSize="" />
        </LexerType>
        <LexerType name="cmake" desc="CMakeFile" ext="cmake">
            <WordsStyle name="DEFAULT" styleID="0" fgColor="C8C8C8" bgColor="1E1E1E" fontName="" fontStyle="0" fontSize="" />
            <WordsStyle name="COMMENT" styleID="1" fgColor="608B4E" bgColor="1E1E1E" fontName="" fontStyle="0" fontSize="" />
            <WordsStyle name="STRING D" styleID="2" fgColor="D69D85" bgColor="1E1E1E" fontName="" fontStyle="0" fontSize="" />
            <WordsStyle name="STRING L" styleID="3" fgColor="D69D85" bgColor="1E1E1E" fontName="" fontStyle="0" fontSize="" />
            <WordsStyle name="STRING R" styleID="4" fgColor="D69D85" bgColor="1E1E1E" fontName="" fontStyle="0" fontSize="" />
            <WordsStyle name="COMMAND" styleID="5" fgColor="8DA6CE" bgColor="1E1E1E" fontName="" fontStyle="0" fontSize="" keywordClass="instre1" />
            <WordsStyle name="PARAMETER" styleID="6" fgColor="C8C8C8" bgColor="1E1E1E" fontName="" fontStyle="0" fontSize="" />
            <WordsStyle name="VARIABLE" styleID="7" fgColor="C8C8C8" bgColor="1E1E1E" fontName="" fontStyle="0" fontSize="" />
            <WordsStyle name="USER DEFINED" styleID="8" fgColor="C8C8C8" bgColor="1E1E1E" fontName="" fontStyle="0" fontSize="" keywordClass="type1" />
            <WordsStyle name="WHILEDEF" styleID="9" fgColor="C8C8C8" bgColor="1E1E1E" fontName="" fontStyle="0" fontSize="" />
            <WordsStyle name="FOREACHDEF" styleID="10" fgColor="C8C8C8" bgColor="1E1E1E" fontName="" fontStyle="0" fontSize="" />
            <WordsStyle name="IFDEF" styleID="11" fgColor="C8C8C8" bgColor="1E1E1E" fontName="" fontStyle="0" fontSize="" />
            <WordsStyle name="MACRODEF" styleID="12" fgColor="C8C8C8" bgColor="1E1E1E" fontName="" fontStyle="0" fontSize="" />
            <WordsStyle name="STRING VARIABLE" styleID="13" fgColor="D69D85" bgColor="1E1E1E" fontName="" fontStyle="0" fontSize="" />
            <WordsStyle name="NUMBER" styleID="14" fgColor="B5CEA8" bgColor="1E1E1E" fontName="" fontStyle="0" fontSize="" />
        </LexerType>
        <LexerType name="searchResult" desc="Search result" ext="">
            <WordsStyle name="Default" styleID="0" fgColor="C8C8C8" bgColor="1E1E1E" fontName="" fontStyle="0" fontSize="" />
            <WordsStyle name="Search Header" styleID="1" fgColor="569CD6" bgColor="1E1E1E" fontName="" fontStyle="1" fontSize="" />
            <WordsStyle name="File Header" styleID="2" fgColor="92CAF4" bgColor="1E1E1E" fontName="" fontStyle="1" fontSize="" />
            <WordsStyle name="Line Number" styleID="3" fgColor="2B91AF" bgColor="1E1E1E" fontName="" fontStyle="0" fontSize="" />
            <WordsStyle name="Hit Word" styleID="4" fgColor="C8C8C8" bgColor="113D6F" fontName="" fontStyle="0" fontSize="">if else for while</WordsStyle>
            <WordsStyle name="Selected Line" styleID="5" fgColor="C8C8C8" bgColor="000000" fontName="" fontStyle="0" fontSize="">bool long int char</WordsStyle>
            <WordsStyle name="Current line background colour" styleID="6" fgColor="C8C8C8" bgColor="000000" fontStyle="0" fontSize="">bool long int char</WordsStyle>
        </LexerType>
    </LexerStyles>
    <GlobalStyles>
        <!-- Attention : Don't modify the name of styleID="0" -->
        <WidgetStyle name="Global override" styleID="0" fgColor="C8C8C8" bgColor="1E1E1E" fontName="Consolas" fontStyle="0" fontSize="10" />
        <WidgetStyle name="Default Style" styleID="32" fgColor="C8C8C8" bgColor="1E1E1E" fontName="Consolas" fontStyle="0" fontSize="10" />
        <WidgetStyle name="Indent guideline style" styleID="37" fgColor="4A4A4A" bgColor="1E1E1E" fontName="" fontStyle="0" fontSize="" />
        <WidgetStyle name="Brace highlight style" styleID="34" fgColor="FFFF00" bgColor="264F78" fontName="" fontStyle="1" fontSize="" colorStyle="1" />
        <WidgetStyle name="Bad brace colour" styleID="35" fgColor="930000" bgColor="1E1E1E" fontName="" fontStyle="0" fontSize="" />
        <WidgetStyle name="Current line background colour" styleID="0" bgColor="000000" fgColor="DCDCDC" fontStyle="0" fontSize="" />
        <WidgetStyle name="Mark colour" styleID="0" fgColor="DCDCDC" bgColor="0E3A6C" fontStyle="0" />
        <WidgetStyle name="Selected text colour" styleID="0" fgColor="DCDCDC" bgColor="264F78" fontStyle="0" />
        <WidgetStyle name="Caret colour" styleID="2069" fgColor="DCDCDC" bgColor="112435" fontSize="" fontStyle="0" />
        <WidgetStyle name="Edge colour" styleID="0" fgColor="888A85" bgColor="1E1E1E" fontSize="" fontStyle="0" />
        <WidgetStyle name="Line number margin" styleID="33" fgColor="2B91AF" bgColor="1E1E1E" fontName="" fontStyle="0" fontSize="" />
        <WidgetStyle name="Fold" styleID="0" fgColor="2E3436" bgColor="EEEEEC" fontStyle="0" fontSize="" />
        <WidgetStyle name="Fold margin" styleID="0" fgColor="1E1E1E" bgColor="1E1E1E" fontStyle="0" fontSize="" />
        <WidgetStyle name="Fold active" styleID="0" fgColor="AAAAAA" bgColor="000040" fontStyle="0" />
        <WidgetStyle name="White space symbol" styleID="0" fgColor="808080" bgColor="1E1E1E" fontStyle="0" fontSize="" />
        <WidgetStyle name="Smart HighLighting" styleID="29" bgColor="3687E0" fgColor="DCDCDC" fontStyle="0" fontSize="10" />
        <WidgetStyle name="Find Mark Style" styleID="31" bgColor="B55B0B" fgColor="DCDCDC" fontName="" fontSize="" fontStyle="0" />
        <WidgetStyle name="Mark Style 1" styleID="25" bgColor="FF0000" fontStyle="0" fgColor="E9A354" />
        <WidgetStyle name="Mark Style 2" styleID="24" bgColor="0079FF" fontStyle="0" fgColor="DFC47D" />
        <WidgetStyle name="Mark Style 3" styleID="23" bgColor="800080" fontStyle="0" fgColor="FFFF00" fontSize="10" />
        <WidgetStyle name="Mark Style 4" styleID="22" bgColor="8000FF" fontStyle="0" fgColor="FFCAB0" fontSize="" />
        <WidgetStyle name="Mark Style 5" styleID="21" bgColor="008000" fontStyle="0" fgColor="000000" />
        <WidgetStyle name="Incremental highlight all" styleID="28" bgColor="0080FF" fgColor="FFCAB0" fontStyle="0" />
        <WidgetStyle name="Tags match highlighting" styleID="27" bgColor="0E3A6C" fgColor="C8C8C8" fontStyle="0" />
        <WidgetStyle name="Tags attribute" styleID="26" bgColor="1E1E1E" fgColor="DCDCDC" fontStyle="0" />
        <WidgetStyle name="Active tab focused indicator" styleID="0" fgColor="4E9CD6" bgColor="FF0000" fontStyle="0" />
        <WidgetStyle name="Active tab unfocused indicator" styleID="0" fgColor="FFCAB0" bgColor="80FF00" fontStyle="0" />
        <WidgetStyle name="Active tab text" styleID="0" fgColor="000000" fontStyle="0" bgColor="C0C0C0" />
        <WidgetStyle name="Inactive tabs" styleID="0" fgColor="4E4E4E" bgColor="CACACA" fontStyle="0" />
    </GlobalStyles>
</NotepadPlus>
